Animal Number,Group Number,Days In Milk,Lactation Number,Date,Parlor Name,Parlor Number,Session Number,Batch Number,MPC Number,Id Time,Begin Time,Milk duration (mm:ss),End Time,Yield,Rel. Yield (%),Yield First 2 Min.,ECM Yield,Low Yield,Second Lap
4573,4,55,1,5/10/2017,Parlor1,1,1,1,3,,5/10/2017 8:23 AM,11:23,8:35 AM,4.25,119.00,0.70,,Unchecked,Unchecked
4587,4,60,1,5/10/2017,Parlor1,1,1,1,4,,5/10/2017 8:24 AM,14:57,8:39 AM,9.36,154.00,1.10,,Unchecked,Unchecked
4546,4,57,1,5/10/2017,Parlor1,1,1,1,2,,5/10/2017 8:23 AM,15:19,8:38 AM,12.27,177.00,0.80,,Unchecked,Unchecked
4548,4,57,1,5/10/2017,Parlor1,1,1,1,1,,5/10/2017 8:22 AM,13:34,8:36 AM,13.65,244.00,3.08,,Unchecked,Unchecked
4065,4,60,1,5/10/2017,Parlor1,1,1,2,8,,5/10/2017 8:25 AM,05:54,8:31 AM,1.49,71.00,1.15,,Checked,Unchecked
5407,4,56,1,5/10/2017,Parlor1,1,1,2,7,,5/10/2017 8:25 AM,13:39,8:39 AM,10.70,212.00,0.65,,Unchecked,Unchecked
4581,4,57,1,5/10/2017,Parlor1,1,1,2,6,,5/10/2017 8:24 AM,30:22,8:55 AM,11.93,216.00,0.90,,Unchecked,Unchecked
4583,4,58,1,5/10/2017,Parlor1,1,1,2,5,,5/10/2017 8:24 AM,11:05,8:35 AM,8.96,138.00,0.00,,Unchecked,Unchecked
4551,3,52,1,5/10/2017,Parlor1,1,1,3,3,,5/10/2017 8:46 AM,11:07,8:58 AM,6.85,104.00,1.18,,Unchecked,Unchecked
4535,3,52,1,5/10/2017,Parlor1,1,1,3,4,,5/10/2017 8:46 AM,11:55,8:58 AM,6.34,135.00,1.28,,Unchecked,Unchecked
5409,3,53,1,5/10/2017,Parlor1,1,1,3,2,,5/10/2017 8:46 AM,15:12,9:01 AM,9.82,108.00,2.03,,Unchecked,Unchecked
4550,4,56,1,5/10/2017,Parlor1,1,1,3,1,,5/10/2017 8:45 AM,13:10,8:59 AM,10.07,180.00,0.75,,Unchecked,Unchecked
4066,3,55,1,5/10/2017,Parlor1,1,1,4,8,,5/10/2017 9:04 AM,15:37,9:20 AM,8.57,162.00,0.85,,Unchecked,Unchecked
4525,3,52,1,5/10/2017,Parlor1,1,1,4,7,,5/10/2017 9:03 AM,16:22,9:20 AM,8.58,185.00,1.35,,Unchecked,Unchecked
5402,2,51,1,5/10/2017,Parlor1,1,1,4,6,,5/10/2017 9:03 AM,16:23,9:19 AM,2.94,100.00,2.25,,Unchecked,Unchecked
4536,2,51,1,5/10/2017,Parlor1,1,1,5,3,,5/10/2017 9:12 AM,17:15,9:29 AM,4.46,100.00,1.28,,Unchecked,Unchecked
4582,3,52,1,5/10/2017,Parlor1,1,1,5,4,,5/10/2017 9:12 AM,17:25,9:29 AM,8.06,100.00,1.10,,Unchecked,Unchecked
4560,3,54,1,5/10/2017,Parlor1,1,1,5,2,,5/10/2017 9:11 AM,17:54,9:29 AM,4.62,100.00,0.75,,Unchecked,Unchecked
4586,2,55,1,5/10/2017,Parlor1,1,1,5,1,,5/10/2017 9:18 AM,10:45,9:29 AM,3.20,87.00,0.58,,Unchecked,Unchecked
4587,4,60,1,5/10/2017,Parlor1,1,2,1,5,,5/10/2017 1:33 PM,08:33,1:41 PM,0.00,0.00,1.15,,Unchecked,Unchecked
4548,4,57,1,5/10/2017,Parlor1,1,2,2,4,,5/10/2017 1:05 PM,08:37,1:13 PM,3.94,237.00,2.08,,Unchecked,Unchecked
5407,4,56,1,5/10/2017,Parlor1,1,2,2,2,,5/10/2017 1:04 PM,09:17,1:13 PM,4.01,200.00,1.10,,Unchecked,Unchecked
4583,4,58,1,5/10/2017,Parlor1,1,2,2,1,,5/10/2017 1:04 PM,09:30,1:13 PM,4.29,225.00,2.73,,Unchecked,Unchecked
4582,3,52,1,5/10/2017,Parlor1,1,2,3,4,,5/10/2017 1:47 PM,13:22,2:00 PM,2.09,100.00,0.00,,Unchecked,Unchecked
4066,3,55,1,5/10/2017,Parlor1,1,2,1,8,,5/10/2017 1:48 PM,03:17,1:51 PM,0.90,58.00,1.03,,Checked,Unchecked
4560,3,54,1,5/10/2017,Parlor1,1,2,1,7,,5/10/2017 1:34 PM,07:15,1:41 PM,3.66,200.00,0.00,,Unchecked,Unchecked
5409,3,53,1,5/10/2017,Parlor1,1,2,1,6,,5/10/2017 1:33 PM,16:57,1:50 PM,3.01,108.00,0.00,,Unchecked,Unchecked
5403,3,53,1,5/10/2017,Parlor1,1,2,1,5,,5/10/2017 1:43 PM,08:33,1:51 PM,2.74,57.00,0.00,,Checked,Unchecked
4585,2,50,1,5/10/2017,Parlor1,1,2,3,3,,5/10/2017 1:46 PM,11:05,1:57 PM,2.28,100.00,0.00,,Unchecked,Unchecked
4536,2,51,1,5/10/2017,Parlor1,1,2,3,2,,5/10/2017 1:46 PM,11:17,1:57 PM,1.19,100.00,0.00,,Unchecked,Unchecked
4525,3,52,1,5/10/2017,Parlor1,1,2,3,1,,5/10/2017 1:45 PM,10:00,1:55 PM,2.82,207.00,0.00,,Unchecked,Unchecked
4065,4,60,1,5/10/2017,Parlor1,1,2,0,8,,5/10/2017 1:05 PM,07:59,1:13 PM,1.07,0.00,0.85,,Unchecked,Unchecked
4535,3,52,1,5/10/2017,Parlor1,1,2,0,4,,5/10/2017 1:24 PM,10:47,1:35 PM,2.39,0.00,0.68,,Unchecked,Unchecked
4550,4,56,1,5/10/2017,Parlor1,1,2,0,1,,5/10/2017 1:23 PM,08:00,1:31 PM,2.87,0.00,0.00,,Unchecked,Unchecked
4551,3,52,1,5/10/2017,Parlor1,1,2,0,2,,5/10/2017 1:24 PM,11:17,1:35 PM,3.38,0.00,1.83,,Unchecked,Unchecked
4573,4,55,1,5/10/2017,Parlor1,1,2,0,7,,5/10/2017 1:06 PM,07:15,1:13 PM,2.59,0.00,1.13,,Unchecked,Unchecked
4581,4,57,1,5/10/2017,Parlor1,1,2,0,6,,5/10/2017 1:05 PM,16:57,1:22 PM,2.87,0.00,0.95,,Unchecked,Unchecked
5402,2,51,1,5/10/2017,Parlor1,1,2,0,3,,5/10/2017 1:24 PM,11:05,1:35 PM,3.11,0.00,1.70,,Unchecked,Unchecked
4586,2,55,1,5/10/2017,Parlor1,1,2,0,5,,5/10/2017 1:58 PM,09:06,2:08 PM,0.00,0.00,0.55,,Unchecked,Unchecked
4550,4,56,1,5/10/2017,Parlor1,1,3,1,3,,5/10/2017 3:45 PM,06:26,3:51 PM,2.20,252.00,1.00,,Unchecked,Unchecked
4548,4,57,1,5/10/2017,Parlor1,1,3,1,4,,5/10/2017 3:44 PM,06:23,3:50 PM,2.23,227.00,1.78,,Unchecked,Unchecked
4583,4,58,1,5/10/2017,Parlor1,1,3,1,2,,5/10/2017 3:43 PM,06:39,3:50 PM,2.53,221.00,1.78,,Unchecked,Unchecked
4573,4,55,1,5/10/2017,Parlor1,1,3,1,1,,5/10/2017 3:44 PM,06:49,3:51 PM,1.03,177.00,0.78,,Unchecked,Unchecked
5407,4,56,1,5/10/2017,Parlor1,1,3,2,8,,5/10/2017 3:46 PM,07:24,3:53 PM,1.76,204.00,1.18,,Unchecked,Unchecked
4065,4,60,1,5/10/2017,Parlor1,1,3,2,7,,5/10/2017 3:46 PM,08:44,3:55 PM,0.82,234.00,1.52,,Unchecked,Unchecked
4546,4,57,1,5/10/2017,Parlor1,1,3,2,6,,5/10/2017 3:46 PM,13:49,4:00 PM,2.65,81.00,3.80,,Unchecked,Unchecked
4581,4,57,1,5/10/2017,Parlor1,1,3,2,5,,5/10/2017 4:07 PM,09:06,4:16 PM,2.67,200.00,3.50,,Unchecked,Unchecked
5409,3,53,1,5/10/2017,Parlor1,1,3,3,3,,5/10/2017 3:56 PM,04:48,4:00 PM,1.30,97.00,1.05,,Unchecked,Unchecked
5402,2,51,1,5/10/2017,Parlor1,1,3,3,4,,5/10/2017 3:55 PM,07:22,4:03 PM,1.87,100.00,1.78,,Unchecked,Unchecked
4066,3,55,1,5/10/2017,Parlor1,1,3,3,2,,5/10/2017 3:55 PM,06:10,4:01 PM,3.35,200.00,1.43,,Unchecked,Unchecked
4587,4,60,1,5/10/2017,Parlor1,1,3,3,1,,5/10/2017 3:55 PM,09:38,4:04 PM,3.57,200.00,1.08,,Unchecked,Unchecked
4536,2,51,1,5/10/2017,Parlor1,1,3,4,3,,5/10/2017 4:16 PM,12:41,4:28 PM,1.62,100.00,0.55,,Unchecked,Unchecked
4582,3,52,1,5/10/2017,Parlor1,1,3,4,4,,5/10/2017 4:16 PM,12:13,4:28 PM,1.84,100.00,0.93,,Unchecked,Unchecked
4585,2,50,1,5/10/2017,Parlor1,1,3,4,2,,5/10/2017 4:16 PM,11:57,4:28 PM,1.30,100.00,0.18,,Unchecked,Unchecked
4525,3,52,1,5/10/2017,Parlor1,1,3,4,1,,5/10/2017 4:15 PM,12:38,4:28 PM,1.19,163.00,0.63,,Unchecked,Unchecked
4551,3,52,1,5/10/2017,Parlor1,1,3,0,5,,5/10/2017 4:08 PM,30:22,4:39 PM,0.00,0.00,0.75,,Unchecked,Unchecked
4560,3,54,1,5/10/2017,Parlor1,1,3,0,6,,5/10/2017 4:09 PM,18:27,4:27 PM,0.00,0.00,0.03,,Unchecked,Unchecked
5403,3,53,1,5/10/2017,Parlor1,1,3,0,7,,5/10/2017 4:09 PM,12:59,4:22 PM,0.00,0.00,1.40,,Unchecked,Unchecked
4535,3,52,1,5/10/2017,Parlor1,1,3,0,8,,5/10/2017 4:08 PM,15:00,4:23 PM,0.00,0.00,0.60,,Unchecked,Unchecked
4586,2,55,1,5/10/2017,Parlor1,1,3,0,5,,5/10/2017 4:30 PM,08:00,4:38 PM,0.00,0.00,0.00,,Unchecked,Unchecked
4535,3,52,1,5/11/2017,Parlor1,1,1,3,2,,5/11/2017 8:58 AM,17:10,9:15 AM,4.54,114.00,1.33,,Unchecked,Unchecked
5403,3,53,1,5/11/2017,Parlor1,1,1,1,5,,5/11/2017 9:10 AM,12:59,9:23 AM,0.00,0.00,0.00,,Checked,Unchecked
4560,3,54,1,5/11/2017,Parlor1,1,1,3,4,,5/11/2017 8:59 AM,16:25,9:15 AM,9.36,200.00,1.18,,Unchecked,Unchecked
4586,2,55,1,5/11/2017,Parlor1,1,1,1,5,,5/11/2017 9:38 AM,15:05,9:53 AM,0.00,0.00,0.00,,Checked,Unchecked
4573,4,55,1,5/11/2017,Parlor1,1,1,2,3,,5/11/2017 8:26 AM,10:17,8:37 AM,4.31,116.00,1.13,,Unchecked,Unchecked
4587,4,60,1,5/11/2017,Parlor1,1,1,2,4,,5/11/2017 8:27 AM,16:03,8:43 AM,9.08,150.00,0.85,,Unchecked,Unchecked
4550,4,56,1,5/11/2017,Parlor1,1,1,2,2,,5/11/2017 8:26 AM,18:33,8:45 AM,13.41,213.00,1.05,,Unchecked,Unchecked
4548,4,57,1,5/11/2017,Parlor1,1,1,2,1,,5/11/2017 8:26 AM,18:50,8:45 AM,15.09,226.00,2.50,,Unchecked,Unchecked
4066,3,55,1,5/11/2017,Parlor1,1,1,3,3,,5/11/2017 8:58 AM,14:51,9:13 AM,6.97,117.00,0.85,,Unchecked,Unchecked
5407,4,56,1,5/11/2017,Parlor1,1,1,3,1,,5/11/2017 8:57 AM,15:39,9:13 AM,11.77,193.00,0.70,,Unchecked,Unchecked
4582,3,52,1,5/11/2017,Parlor1,1,1,4,3,,5/11/2017 9:29 AM,15:54,9:45 AM,9.74,124.00,0.88,,Unchecked,Unchecked
4536,2,51,1,5/11/2017,Parlor1,1,1,4,4,,5/11/2017 9:30 AM,12:48,9:42 AM,5.56,117.00,1.25,,Unchecked,Unchecked
4585,2,50,1,5/11/2017,Parlor1,1,1,4,2,,5/11/2017 9:28 AM,16:06,9:44 AM,5.52,100.00,1.63,,Unchecked,Unchecked
5409,3,53,1,5/11/2017,Parlor1,1,1,4,1,,5/11/2017 9:28 AM,15:17,9:43 AM,10.95,119.00,2.13,,Unchecked,Unchecked
4065,4,60,1,5/11/2017,Parlor1,1,1,0,8,,5/11/2017 8:33 AM,06:51,8:39 AM,1.08,0.00,0.60,,Unchecked,Unchecked
4546,4,57,1,5/11/2017,Parlor1,1,1,0,6,,5/11/2017 8:28 AM,14:21,8:42 AM,5.35,0.00,0.90,,Unchecked,Unchecked
4581,4,57,1,5/11/2017,Parlor1,1,1,0,5,,5/11/2017 9:03 AM,08:00,9:11 AM,3.29,0.00,0.85,,Unchecked,Unchecked
4583,4,58,1,5/11/2017,Parlor1,1,1,0,7,,5/11/2017 8:28 AM,16:00,8:44 AM,3.61,0.00,2.50,,Unchecked,Unchecked
4551,3,52,1,5/11/2017,Parlor1,1,1,0,6,,5/11/2017 9:10 AM,08:00,9:18 AM,4.44,0.00,0.00,,Unchecked,Unchecked
5402,2,51,1,5/11/2017,Parlor1,1,1,0,7,,5/11/2017 9:11 AM,08:00,9:19 AM,2.64,0.00,0.00,,Unchecked,Unchecked
4525,3,52,1,5/11/2017,Parlor1,1,1,0,8,,5/11/2017 9:11 AM,08:00,9:19 AM,3.27,0.00,0.00,,Unchecked,Unchecked
4525,3,52,1,5/11/2017,Parlor1,1,2,4,4,,5/11/2017 1:37 PM,09:58,1:47 PM,3.99,81.00,1.25,,Unchecked,Unchecked
5402,2,51,1,5/11/2017,Parlor1,1,2,1,6,,5/11/2017 1:12 PM,19:34,1:32 PM,0.00,0.00,2.35,,Checked,Unchecked
4551,3,52,1,5/11/2017,Parlor1,1,2,1,7,,5/11/2017 1:13 PM,22:40,1:36 PM,0.00,0.00,1.25,,Checked,Unchecked
4586,2,55,1,5/11/2017,Parlor1,1,2,5,1,,5/11/2017 2:00 PM,05:35,2:06 PM,0.62,32.00,0.15,,Checked,Unchecked
4550,4,56,1,5/11/2017,Parlor1,1,2,2,5,,5/11/2017 12:51 PM,10:55,1:02 PM,4.00,82.00,1.40,,Unchecked,Unchecked
4065,4,60,1,5/11/2017,Parlor1,1,2,2,8,,5/11/2017 12:52 PM,06:32,12:59 PM,0.63,108.00,0.33,,Unchecked,Unchecked
4573,4,55,1,5/11/2017,Parlor1,1,2,2,7,,5/11/2017 12:53 PM,11:44,1:04 PM,2.79,200.00,1.03,,Unchecked,Unchecked
5407,4,56,1,5/11/2017,Parlor1,1,2,2,6,,5/11/2017 12:53 PM,11:19,1:04 PM,3.00,200.00,1.13,,Unchecked,Unchecked
4587,4,60,1,5/11/2017,Parlor1,1,2,3,3,,5/11/2017 12:55 PM,11:32,1:06 PM,6.56,200.00,1.18,,Unchecked,Unchecked
4583,4,58,1,5/11/2017,Parlor1,1,2,3,4,,5/11/2017 12:54 PM,09:36,1:04 PM,4.04,206.00,2.00,,Unchecked,Unchecked
4546,4,57,1,5/11/2017,Parlor1,1,2,3,2,,5/11/2017 12:55 PM,10:32,1:05 PM,4.11,211.00,1.10,,Unchecked,Unchecked
4581,4,57,1,5/11/2017,Parlor1,1,2,3,1,,5/11/2017 12:54 PM,29:29,1:24 PM,4.69,200.00,0.00,,Unchecked,Unchecked
4560,3,54,1,5/11/2017,Parlor1,1,2,4,3,,5/11/2017 1:38 PM,07:28,1:46 PM,6.34,200.00,1.35,,Unchecked,Unchecked
4535,3,52,1,5/11/2017,Parlor1,1,2,4,2,,5/11/2017 1:38 PM,06:22,1:44 PM,2.49,162.00,1.58,,Unchecked,Unchecked
5403,3,53,1,5/11/2017,Parlor1,1,2,4,1,,5/11/2017 1:38 PM,06:27,1:44 PM,3.48,200.00,2.12,,Unchecked,Unchecked
4066,3,55,1,5/11/2017,Parlor1,1,2,0,8,,5/11/2017 1:15 PM,06:47,1:22 PM,3.03,0.00,0.03,,Unchecked,Unchecked
4548,4,57,1,5/11/2017,Parlor1,1,2,0,5,,5/11/2017 1:13 PM,08:49,1:22 PM,3.43,0.00,2.58,,Unchecked,Unchecked
5409,3,53,1,5/11/2017,Parlor1,1,2,0,5,,5/11/2017 1:40 PM,23:54,2:04 PM,4.64,0.00,0.00,,Unchecked,Unchecked
4585,2,50,1,5/11/2017,Parlor1,1,2,0,6,,5/11/2017 1:40 PM,08:00,1:48 PM,0.00,0.00,0.00,,Unchecked,Unchecked
4582,3,52,1,5/11/2017,Parlor1,1,2,0,7,,5/11/2017 1:41 PM,22:59,2:04 PM,0.00,0.00,0.00,,Unchecked,Unchecked
4536,2,51,1,5/11/2017,Parlor1,1,2,0,8,,5/11/2017 1:42 PM,08:00,1:50 PM,0.00,0.00,0.00,,Unchecked,Unchecked
4546,4,57,1,5/11/2017,Parlor1,1,3,1,3,,5/11/2017 3:47 PM,07:24,3:55 PM,2.21,179.00,1.00,,Unchecked,Unchecked
4581,4,57,1,5/11/2017,Parlor1,1,3,1,4,,5/11/2017 3:47 PM,11:48,3:59 PM,1.83,160.00,0.60,,Unchecked,Unchecked
4583,4,58,1,5/11/2017,Parlor1,1,3,1,2,,5/11/2017 3:46 PM,08:24,3:54 PM,2.14,169.00,1.60,,Unchecked,Unchecked
4587,4,60,1,5/11/2017,Parlor1,1,3,1,1,,5/11/2017 3:46 PM,08:51,3:54 PM,2.49,230.00,1.15,,Unchecked,Unchecked
4525,3,52,1,5/11/2017,Parlor1,1,3,2,3,,5/11/2017 4:11 PM,12:02,4:23 PM,1.04,100.00,0.00,,Unchecked,Unchecked
4535,3,52,1,5/11/2017,Parlor1,1,3,2,4,,5/11/2017 4:10 PM,12:12,4:22 PM,1.71,203.00,1.00,,Unchecked,Unchecked
5409,3,53,1,5/11/2017,Parlor1,1,3,2,2,,5/11/2017 4:10 PM,12:26,4:23 PM,1.62,41.00,0.03,,Checked,Unchecked
5403,3,53,1,5/11/2017,Parlor1,1,3,2,1,,5/11/2017 4:11 PM,11:05,4:22 PM,2.06,200.00,1.60,,Unchecked,Unchecked
4586,2,55,1,5/11/2017,Parlor1,1,3,4,1,,5/11/2017 4:28 PM,09:14,4:38 PM,0.59,101.00,0.35,,Unchecked,Unchecked
4065,4,60,1,5/11/2017,Parlor1,1,3,0,8,,5/11/2017 3:48 PM,08:00,3:56 PM,1.08,0.00,0.60,,Unchecked,Unchecked
4548,4,57,1,5/11/2017,Parlor1,1,3,0,7,,5/11/2017 3:48 PM,08:00,3:56 PM,3.43,0.00,3.05,,Unchecked,Unchecked
4550,4,56,1,5/11/2017,Parlor1,1,3,0,6,,5/11/2017 3:48 PM,06:26,3:55 PM,3.23,0.00,7.00,,Unchecked,Unchecked
4551,3,52,1,5/11/2017,Parlor1,1,3,0,8,,5/11/2017 4:04 PM,08:00,4:12 PM,4.44,0.00,0.00,,Unchecked,Unchecked
4560,3,54,1,5/11/2017,Parlor1,1,3,0,6,,5/11/2017 4:03 PM,08:00,4:11 PM,3.63,0.00,0.00,,Unchecked,Unchecked
4573,4,55,1,5/11/2017,Parlor1,1,3,0,5,,5/11/2017 4:03 PM,06:49,4:10 PM,1.91,0.00,0.00,,Unchecked,Unchecked
5402,2,51,1,5/11/2017,Parlor1,1,3,0,7,,5/11/2017 4:04 PM,08:00,4:12 PM,2.64,0.00,0.00,,Unchecked,Unchecked
5407,4,56,1,5/11/2017,Parlor1,1,3,0,5,,5/11/2017 3:48 PM,08:00,3:56 PM,3.09,0.00,3.68,,Unchecked,Unchecked
4066,3,55,1,5/11/2017,Parlor1,1,3,0,5,,5/11/2017 4:20 PM,08:00,4:28 PM,0.00,0.00,0.00,,Unchecked,Unchecked
4585,2,50,1,5/11/2017,Parlor1,1,3,0,6,,5/11/2017 4:20 PM,08:00,4:28 PM,0.00,0.00,0.00,,Unchecked,Unchecked
4582,3,52,1,5/11/2017,Parlor1,1,3,0,7,,5/11/2017 4:21 PM,08:00,4:29 PM,0.00,0.00,0.00,,Unchecked,Unchecked
4536,2,51,1,5/11/2017,Parlor1,1,3,0,8,,5/11/2017 4:21 PM,08:00,4:29 PM,0.00,0.00,0.00,,Unchecked,Unchecked
4536,2,51,1,5/12/2017,Parlor1,1,1,5,4,,5/12/2017 9:23 AM,19:04,9:42 AM,2.74,114.00,0.03,,Unchecked,Unchecked
4582,3,52,1,5/12/2017,Parlor1,1,1,5,3,,5/12/2017 9:22 AM,19:48,9:42 AM,10.16,200.00,1.55,,Unchecked,Unchecked
4585,2,50,1,5/12/2017,Parlor1,1,1,5,2,,5/12/2017 9:22 AM,21:26,9:43 AM,9.10,100.00,3.00,,Unchecked,Unchecked
4066,3,55,1,5/12/2017,Parlor1,1,1,1,1,,5/12/2017 9:22 AM,22:28,9:44 AM,0.00,0.00,1.03,,Checked,Unchecked
4065,4,60,1,5/12/2017,Parlor1,1,1,2,3,,5/12/2017 8:27 AM,07:05,8:34 AM,1.23,55.00,0.45,,Checked,Unchecked
4587,4,60,1,5/12/2017,Parlor1,1,1,2,4,,5/12/2017 8:28 AM,13:58,8:42 AM,9.22,125.00,1.20,,Unchecked,Unchecked
5407,4,56,1,5/12/2017,Parlor1,1,1,2,2,,5/12/2017 8:27 AM,13:57,8:41 AM,11.63,170.00,0.75,,Unchecked,Unchecked
4546,4,57,1,5/12/2017,Parlor1,1,1,2,1,,5/12/2017 8:26 AM,13:06,8:39 AM,13.38,179.00,0.90,,Unchecked,Unchecked
4550,4,56,1,5/12/2017,Parlor1,1,1,3,1,,5/12/2017 8:50 AM,19:32,9:09 AM,13.19,159.00,1.00,,Unchecked,Unchecked
4525,3,52,1,5/12/2017,Parlor1,1,1,4,8,,5/12/2017 9:13 AM,25:29,9:39 AM,4.04,66.00,1.58,,Checked,Unchecked
5409,3,53,1,5/12/2017,Parlor1,1,1,4,7,,5/12/2017 9:13 AM,25:04,9:38 AM,10.17,105.00,0.00,,Unchecked,Unchecked
4560,3,54,1,5/12/2017,Parlor1,1,1,4,6,,5/12/2017 8:56 AM,23:46,9:20 AM,14.87,240.00,1.23,,Unchecked,Unchecked
5403,3,53,1,5/12/2017,Parlor1,1,1,5,5,,5/12/2017 9:11 AM,13:03,9:24 AM,0.00,0.00,3.48,,Unchecked,Unchecked
4551,3,52,1,5/12/2017,Parlor1,1,1,3,3,,5/12/2017 8:52 AM,17:26,9:09 AM,10.92,204.00,1.50,,Unchecked,Unchecked
4535,3,52,1,5/12/2017,Parlor1,1,1,3,4,,5/12/2017 8:52 AM,17:08,9:09 AM,7.66,148.00,1.80,,Unchecked,Unchecked
5402,2,51,1,5/12/2017,Parlor1,1,1,3,2,,5/12/2017 8:51 AM,18:41,9:09 AM,5.41,130.00,2.60,,Unchecked,Unchecked
4586,2,55,1,5/12/2017,Parlor1,1,1,5,1,,5/12/2017 9:49 AM,08:15,9:57 AM,3.53,95.00,0.00,,Unchecked,Unchecked
4548,4,57,1,5/12/2017,Parlor1,1,1,0,6,,5/12/2017 8:29 AM,20:24,8:50 AM,4.22,0.00,2.45,,Unchecked,Unchecked
4573,4,55,1,5/12/2017,Parlor1,1,1,0,8,,5/12/2017 8:29 AM,06:49,8:36 AM,2.09,0.00,0.80,,Unchecked,Unchecked
4581,4,57,1,5/12/2017,Parlor1,1,1,0,5,,5/12/2017 8:29 AM,08:00,8:37 AM,3.39,0.00,0.90,,Unchecked,Unchecked
4583,4,58,1,5/12/2017,Parlor1,1,1,0,7,,5/12/2017 8:30 AM,16:00,8:46 AM,3.65,0.00,2.13,,Unchecked,Unchecked
4546,4,57,1,5/12/2017,Parlor1,1,2,1,3,,5/12/2017 12:52 PM,08:07,1:00 PM,4.59,220.00,1.20,,Unchecked,Unchecked
4583,4,58,1,5/12/2017,Parlor1,1,2,1,4,,5/12/2017 12:53 PM,07:43,1:00 PM,4.48,229.00,1.85,,Unchecked,Unchecked
4587,4,60,1,5/12/2017,Parlor1,1,2,1,2,,5/12/2017 12:52 PM,09:09,1:01 PM,5.85,200.00,0.90,,Unchecked,Unchecked
4573,4,55,1,5/12/2017,Parlor1,1,2,1,1,,5/12/2017 12:51 PM,08:48,1:00 PM,3.19,200.00,1.13,,Unchecked,Unchecked
5402,2,51,1,5/12/2017,Parlor1,1,2,2,3,,5/12/2017 1:07 PM,12:44,1:19 PM,2.78,246.00,2.23,,Unchecked,Unchecked
4551,3,52,1,5/12/2017,Parlor1,1,2,2,4,,5/12/2017 1:07 PM,12:40,1:19 PM,3.42,235.00,1.58,,Unchecked,Unchecked
4535,3,52,1,5/12/2017,Parlor1,1,2,2,2,,5/12/2017 1:06 PM,13:17,1:19 PM,1.79,127.00,0.35,,Unchecked,Unchecked
4550,4,56,1,5/12/2017,Parlor1,1,2,2,1,,5/12/2017 1:06 PM,12:55,1:19 PM,4.35,192.00,1.30,,Unchecked,Unchecked
4585,2,50,1,5/12/2017,Parlor1,1,2,3,3,,5/12/2017 1:26 PM,05:20,1:32 PM,2.61,100.00,1.63,,Unchecked,Unchecked
4582,3,52,1,5/12/2017,Parlor1,1,2,3,4,,5/12/2017 1:27 PM,05:49,1:32 PM,2.29,184.00,0.03,,Unchecked,Unchecked
4577,2,48,1,5/12/2017,Parlor1,1,2,3,2,,5/12/2017 1:25 PM,06:32,1:32 PM,1.42,100.00,1.18,,Unchecked,Unchecked
5403,3,53,1,5/12/2017,Parlor1,1,2,3,1,,5/12/2017 1:26 PM,05:30,1:31 PM,3.44,200.00,2.25,,Unchecked,Unchecked
4560,3,54,1,5/12/2017,Parlor1,1,2,4,8,,5/12/2017 1:17 PM,11:28,1:28 PM,7.42,200.00,0.00,,Unchecked,Unchecked
4525,3,52,1,5/12/2017,Parlor1,1,2,4,7,,5/12/2017 1:16 PM,11:29,1:27 PM,8.41,200.00,0.85,,Unchecked,Unchecked
5409,3,53,1,5/12/2017,Parlor1,1,2,4,6,,5/12/2017 1:16 PM,27:06,1:43 PM,3.47,140.00,0.00,,Unchecked,Unchecked
4066,3,55,1,5/12/2017,Parlor1,1,2,4,5,,5/12/2017 1:43 PM,13:03,1:56 PM,7.48,200.00,0.00,,Unchecked,Unchecked
4536,2,51,1,5/12/2017,Parlor1,1,2,5,4,,5/12/2017 1:35 PM,14:07,1:49 PM,9.24,200.00,0.03,,Unchecked,Unchecked
4065,4,60,1,5/12/2017,Parlor1,1,2,0,6,,5/12/2017 12:54 PM,08:00,1:02 PM,1.13,0.00,6.25,,Unchecked,Unchecked
4548,4,57,1,5/12/2017,Parlor1,1,2,0,5,,5/12/2017 12:54 PM,08:00,1:02 PM,4.22,0.00,3.95,,Unchecked,Unchecked
4581,4,57,1,5/12/2017,Parlor1,1,2,0,7,,5/12/2017 12:55 PM,08:00,1:03 PM,3.39,0.00,3.68,,Unchecked,Unchecked
4546,4,57,1,5/12/2017,Parlor1,1,3,1,3,,5/12/2017 3:39 PM,09:48,3:49 PM,2.37,185.00,0.05,,Unchecked,Unchecked
4581,4,57,1,5/12/2017,Parlor1,1,3,1,4,,5/12/2017 3:41 PM,08:27,3:49 PM,2.14,192.00,0.60,,Unchecked,Unchecked
4573,4,55,1,5/12/2017,Parlor1,1,3,1,2,,5/12/2017 3:38 PM,09:13,3:48 PM,1.15,164.00,0.85,,Unchecked,Unchecked
4587,4,60,1,5/12/2017,Parlor1,1,3,1,1,,5/12/2017 3:38 PM,09:59,3:48 PM,2.86,218.00,0.80,,Unchecked,Unchecked
5407,4,56,1,5/12/2017,Parlor1,1,3,2,8,,5/12/2017 3:43 PM,19:12,4:03 PM,1.99,64.00,1.15,,Checked,Unchecked
4065,4,60,1,5/12/2017,Parlor1,1,3,2,7,,5/12/2017 3:43 PM,19:36,4:03 PM,1.70,200.00,0.20,,Unchecked,Unchecked
4550,4,56,1,5/12/2017,Parlor1,1,3,2,6,,5/12/2017 3:43 PM,19:54,4:03 PM,2.32,179.00,0.80,,Unchecked,Unchecked
4548,4,57,1,5/12/2017,Parlor1,1,3,2,5,,5/12/2017 3:41 PM,21:28,4:03 PM,1.83,131.00,0.00,,Unchecked,Unchecked
4551,3,52,1,5/12/2017,Parlor1,1,3,3,3,,5/12/2017 4:00 PM,14:52,4:15 PM,2.16,220.00,1.38,,Unchecked,Unchecked
5403,3,53,1,5/12/2017,Parlor1,1,3,3,4,,5/12/2017 4:01 PM,14:44,4:15 PM,1.66,233.00,1.40,,Unchecked,Unchecked
4535,3,52,1,5/12/2017,Parlor1,1,3,3,2,,5/12/2017 4:00 PM,15:18,4:15 PM,1.50,156.00,0.85,,Unchecked,Unchecked
4583,4,58,1,5/12/2017,Parlor1,1,3,3,1,,5/12/2017 4:00 PM,15:28,4:15 PM,2.47,175.00,1.75,,Unchecked,Unchecked
4585,2,50,1,5/12/2017,Parlor1,1,3,4,3,,5/12/2017 4:26 PM,09:42,4:35 PM,1.95,100.00,1.50,,Unchecked,Unchecked
4582,3,52,1,5/12/2017,Parlor1,1,3,4,4,,5/12/2017 4:26 PM,10:07,4:36 PM,2.41,200.00,0.00,,Unchecked,Unchecked
4577,2,48,1,5/12/2017,Parlor1,1,3,4,2,,5/12/2017 4:25 PM,11:29,4:36 PM,0.83,100.00,0.10,,Unchecked,Unchecked
4525,3,52,1,5/12/2017,Parlor1,1,3,4,1,,5/12/2017 4:24 PM,08:37,4:33 PM,2.13,177.00,0.90,,Unchecked,Unchecked
4560,3,54,1,5/12/2017,Parlor1,1,3,0,8,,5/12/2017 4:10 PM,19:19,4:30 PM,3.16,0.00,0.65,,Unchecked,Unchecked
5402,2,51,1,5/12/2017,Parlor1,1,3,0,5,,5/12/2017 4:10 PM,05:52,4:16 PM,3.19,0.00,1.15,,Unchecked,Unchecked
5409,3,53,1,5/12/2017,Parlor1,1,3,0,6,,5/12/2017 4:10 PM,19:33,4:30 PM,0.00,0.00,0.00,,Unchecked,Unchecked
4066,3,55,1,5/12/2017,Parlor1,1,3,0,7,,5/12/2017 4:11 PM,18:14,4:30 PM,0.00,0.00,0.78,,Unchecked,Unchecked
4536,2,51,1,5/12/2017,Parlor1,1,3,0,8,,5/12/2017 4:33 PM,18:42,4:52 PM,0.00,0.00,0.00,,Unchecked,Unchecked
4586,2,55,1,5/12/2017,Parlor1,1,3,0,5,,5/12/2017 4:43 PM,08:00,4:51 PM,0.00,0.00,0.00,,Unchecked,Unchecked
4550,4,56,1,5/13/2017,Parlor1,1,1,1,3,,5/13/2017 8:19 AM,17:16,8:36 AM,13.20,148.00,0.95,,Unchecked,Unchecked
4065,4,60,1,5/13/2017,Parlor1,1,1,1,4,,5/13/2017 8:19 AM,07:38,8:27 AM,1.42,59.00,0.33,,Checked,Unchecked
4573,4,55,1,5/13/2017,Parlor1,1,1,1,2,,5/13/2017 8:18 AM,11:51,8:30 AM,3.49,85.00,0.75,,Unchecked,Unchecked
4587,4,60,1,5/13/2017,Parlor1,1,1,1,1,,5/13/2017 8:19 AM,14:47,8:34 AM,8.27,100.00,1.30,,Unchecked,Unchecked
4535,3,52,1,5/13/2017,Parlor1,1,1,2,3,,5/13/2017 8:43 AM,09:31,8:52 AM,7.29,125.00,2.45,,Unchecked,Unchecked
5403,3,53,1,5/13/2017,Parlor1,1,1,2,4,,5/13/2017 8:43 AM,09:12,8:52 AM,9.01,207.00,3.40,,Unchecked,Unchecked
4066,3,55,1,5/13/2017,Parlor1,1,1,2,2,,5/13/2017 8:43 AM,14:11,8:58 AM,7.75,125.00,1.05,,Unchecked,Unchecked
5407,4,56,1,5/13/2017,Parlor1,1,1,2,1,,5/13/2017 8:42 AM,15:11,8:58 AM,11.82,151.00,0.78,,Unchecked,Unchecked
4582,3,52,1,5/13/2017,Parlor1,1,1,3,3,,5/13/2017 9:07 AM,29:38,9:37 AM,10.36,162.00,1.83,,Unchecked,Unchecked
4537,2,48,1,5/13/2017,Parlor1,1,1,3,4,,5/13/2017 9:43 AM,22:41,10:06 AM,0.03,100.00,0.03,,Unchecked,Unchecked
4585,2,50,1,5/13/2017,Parlor1,1,1,3,2,,5/13/2017 9:08 AM,19:35,9:27 AM,10.01,179.00,3.68,,Unchecked,Unchecked
4560,3,54,1,5/13/2017,Parlor1,1,1,3,1,,5/13/2017 9:11 AM,18:43,9:30 AM,13.90,175.00,1.90,,Unchecked,Unchecked
4525,3,52,1,5/13/2017,Parlor1,1,1,0,8,,5/13/2017 9:03 AM,14:01,9:17 AM,3.54,0.00,0.00,,Unchecked,Unchecked
4546,4,57,1,5/13/2017,Parlor1,1,1,0,7,,5/13/2017 8:23 AM,13:06,8:36 AM,4.77,0.00,3.25,,Unchecked,Unchecked
4548,4,57,1,5/13/2017,Parlor1,1,1,0,5,,5/13/2017 8:22 AM,08:00,8:30 AM,4.45,0.00,3.55,,Unchecked,Unchecked
4551,3,52,1,5/13/2017,Parlor1,1,1,0,5,,5/13/2017 9:01 AM,08:00,9:09 AM,3.66,0.00,0.00,,Unchecked,Unchecked
4581,4,57,1,5/13/2017,Parlor1,1,1,0,6,,5/13/2017 8:25 AM,08:00,8:33 AM,3.57,0.00,3.80,,Unchecked,Unchecked
4583,4,58,1,5/13/2017,Parlor1,1,1,0,8,,5/13/2017 8:22 AM,16:00,8:38 AM,3.70,0.00,2.88,,Unchecked,Unchecked
5402,2,51,1,5/13/2017,Parlor1,1,1,0,7,,5/13/2017 9:02 AM,08:00,9:10 AM,2.68,0.00,0.00,,Unchecked,Unchecked
5409,3,53,1,5/13/2017,Parlor1,1,1,0,6,,5/13/2017 9:03 AM,13:35,9:17 AM,7.37,0.00,0.00,,Unchecked,Unchecked
4536,2,51,1,5/13/2017,Parlor1,1,1,0,5,,5/13/2017 9:24 AM,08:00,9:32 AM,3.60,0.00,0.00,,Unchecked,Unchecked
4577,2,48,1,5/13/2017,Parlor1,1,1,0,6,,5/13/2017 9:47 AM,08:00,9:55 AM,0.00,0.00,0.00,,Unchecked,Unchecked
4575,2,48,1,5/13/2017,Parlor1,1,1,0,7,,5/13/2017 9:25 AM,08:00,9:33 AM,0.00,0.00,0.00,,Unchecked,Unchecked
4586,2,55,1,5/13/2017,Parlor1,1,1,0,8,,5/13/2017 9:29 AM,08:00,9:37 AM,0.00,0.00,0.00,,Unchecked,Unchecked
4065,4,60,1,5/13/2017,Parlor1,1,2,1,4,,5/13/2017 12:50 PM,08:08,12:58 PM,1.20,176.00,0.33,,Unchecked,Unchecked
4573,4,55,1,5/13/2017,Parlor1,1,2,1,2,,5/13/2017 12:49 PM,09:42,12:59 PM,3.00,200.00,1.13,,Unchecked,Unchecked
4587,4,60,1,5/13/2017,Parlor1,1,2,1,1,,5/13/2017 12:50 PM,09:45,12:59 PM,4.45,189.00,2.53,,Unchecked,Unchecked
5402,2,51,1,5/13/2017,Parlor1,1,2,2,3,,5/13/2017 1:07 PM,08:37,1:15 PM,2.55,188.00,1.93,,Unchecked,Unchecked
5403,3,53,1,5/13/2017,Parlor1,1,2,2,4,,5/13/2017 1:07 PM,08:04,1:15 PM,2.63,217.00,1.88,,Unchecked,Unchecked
4535,3,52,1,5/13/2017,Parlor1,1,2,2,2,,5/13/2017 1:07 PM,07:05,1:14 PM,2.36,145.00,0.28,,Unchecked,Unchecked
4546,4,57,1,5/13/2017,Parlor1,1,2,2,1,,5/13/2017 1:08 PM,06:28,1:14 PM,5.21,186.00,1.35,,Unchecked,Unchecked
4585,2,50,1,5/13/2017,Parlor1,1,2,3,3,,5/13/2017 1:39 PM,24:47,2:03 PM,3.45,216.00,2.93,,Unchecked,Unchecked
4582,3,52,1,5/13/2017,Parlor1,1,2,3,4,,5/13/2017 1:39 PM,18:52,1:58 PM,2.74,149.00,0.00,,Unchecked,Unchecked
4536,2,51,1,5/13/2017,Parlor1,1,2,3,2,,5/13/2017 1:38 PM,11:57,1:50 PM,4.27,79.00,0.10,,Checked,Unchecked
4577,2,48,1,5/13/2017,Parlor1,1,2,3,1,,5/13/2017 1:37 PM,19:55,1:57 PM,2.25,100.00,1.15,,Unchecked,Unchecked
4066,3,55,1,5/13/2017,Parlor1,1,2,0,5,,5/13/2017 1:24 PM,08:00,1:32 PM,9.10,0.00,0.00,,Unchecked,Unchecked
4525,3,52,1,5/13/2017,Parlor1,1,2,0,8,,5/13/2017 1:24 PM,14:01,1:38 PM,3.54,0.00,0.00,,Unchecked,Unchecked
4548,4,57,1,5/13/2017,Parlor1,1,2,0,7,,5/13/2017 12:53 PM,08:00,1:01 PM,4.45,0.00,4.35,,Unchecked,Unchecked
4550,4,56,1,5/13/2017,Parlor1,1,2,0,8,,5/13/2017 12:54 PM,06:26,1:00 PM,4.58,0.00,1.95,,Unchecked,Unchecked
4551,3,52,1,5/13/2017,Parlor1,1,2,0,7,,5/13/2017 1:24 PM,08:00,1:32 PM,3.66,0.00,0.00,,Unchecked,Unchecked
4560,3,54,1,5/13/2017,Parlor1,1,2,0,6,,5/13/2017 1:25 PM,08:00,1:33 PM,4.04,0.00,0.00,,Unchecked,Unchecked
4581,4,57,1,5/13/2017,Parlor1,1,2,0,5,,5/13/2017 12:53 PM,08:00,1:01 PM,3.57,0.00,3.50,,Unchecked,Unchecked
4575,2,48,1,5/13/2017,Parlor1,1,2,0,5,,5/13/2017 2:04 PM,08:00,2:12 PM,0.00,0.00,0.00,,Unchecked,Unchecked
4537,2,48,1,5/13/2017,Parlor1,1,2,0,6,,5/13/2017 1:54 PM,08:00,2:02 PM,0.00,0.00,0.00,,Unchecked,Unchecked
4586,2,55,1,5/13/2017,Parlor1,1,2,0,7,,5/13/2017 2:01 PM,08:00,2:09 PM,0.00,0.00,0.00,,Unchecked,Unchecked
5409,3,53,1,5/13/2017,Parlor1,1,2,0,8,,5/13/2017 2:02 PM,08:00,2:10 PM,0.00,0.00,0.00,,Unchecked,Unchecked
4537,2,48,1,5/13/2017,Parlor1,1,3,1,3,,5/13/2017 4:43 PM,07:43,4:51 PM,3.65,100.00,0.00,,Unchecked,Unchecked
4585,2,50,1,5/13/2017,Parlor1,1,3,1,4,,5/13/2017 4:42 PM,13:03,4:55 PM,1.79,167.00,0.00,,Unchecked,Unchecked
4577,2,48,1,5/13/2017,Parlor1,1,3,1,2,,5/13/2017 4:43 PM,12:27,4:55 PM,1.48,100.00,0.00,,Unchecked,Unchecked
4582,3,52,1,5/13/2017,Parlor1,1,3,1,1,,5/13/2017 4:41 PM,13:41,4:55 PM,1.99,163.00,0.00,,Unchecked,Unchecked
4065,4,60,1,5/13/2017,Parlor1,1,3,0,3,,5/13/2017 3:58 PM,07:43,4:06 PM,1.23,0.00,0.00,,Unchecked,Unchecked
4066,3,55,1,5/13/2017,Parlor1,1,3,0,3,,5/13/2017 4:19 PM,08:00,4:27 PM,9.10,0.00,0.00,,Unchecked,Unchecked
4535,3,52,1,5/13/2017,Parlor1,1,3,0,1,,5/13/2017 4:21 PM,08:00,4:29 PM,2.98,0.00,0.00,,Unchecked,Unchecked
4546,4,57,1,5/13/2017,Parlor1,1,3,0,5,,5/13/2017 4:10 PM,13:06,4:23 PM,4.77,0.00,0.00,,Unchecked,Unchecked
4548,4,57,1,5/13/2017,Parlor1,1,3,0,4,,5/13/2017 3:58 PM,13:42,4:11 PM,4.45,0.00,1.80,,Unchecked,Unchecked
4550,4,56,1,5/13/2017,Parlor1,1,3,0,8,,5/13/2017 3:59 PM,06:26,4:05 PM,4.58,0.00,1.53,,Unchecked,Unchecked
4551,3,52,1,5/13/2017,Parlor1,1,3,0,7,,5/13/2017 4:09 PM,10:07,4:19 PM,3.66,0.00,0.00,,Unchecked,Unchecked
4573,4,55,1,5/13/2017,Parlor1,1,3,0,5,,5/13/2017 3:57 PM,06:49,4:04 PM,2.09,0.00,0.55,,Unchecked,Unchecked
4581,4,57,1,5/13/2017,Parlor1,1,3,0,1,,5/13/2017 3:56 PM,17:42,4:14 PM,3.57,0.00,1.05,,Unchecked,Unchecked
4583,4,58,1,5/13/2017,Parlor1,1,3,0,7,,5/13/2017 3:59 PM,07:05,4:06 PM,3.70,0.00,1.85,,Unchecked,Unchecked
4586,2,55,1,5/13/2017,Parlor1,1,3,0,4,,5/13/2017 4:20 PM,29:20,4:49 PM,5.64,0.00,0.00,,Unchecked,Unchecked
4587,4,60,1,5/13/2017,Parlor1,1,3,0,2,,5/13/2017 3:56 PM,14:38,4:11 PM,4.25,0.00,1.25,,Unchecked,Unchecked
5402,2,51,1,5/13/2017,Parlor1,1,3,0,8,,5/13/2017 4:10 PM,11:23,4:21 PM,2.68,0.00,0.00,,Unchecked,Unchecked
5403,3,53,1,5/13/2017,Parlor1,1,3,0,6,,5/13/2017 4:09 PM,10:48,4:20 PM,3.35,0.00,0.00,,Unchecked,Unchecked
5407,4,56,1,5/13/2017,Parlor1,1,3,0,6,,5/13/2017 3:57 PM,08:00,4:05 PM,5.99,0.00,1.20,,Unchecked,Unchecked
5409,3,53,1,5/13/2017,Parlor1,1,3,0,2,,5/13/2017 4:20 PM,13:35,4:34 PM,7.37,0.00,0.00,,Unchecked,Unchecked
4560,3,54,1,5/13/2017,Parlor1,1,3,0,5,,5/13/2017 4:33 PM,08:00,4:41 PM,0.00,0.00,0.00,,Unchecked,Unchecked
4525,3,52,1,5/13/2017,Parlor1,1,3,0,6,,5/13/2017 4:32 PM,08:00,4:40 PM,0.00,0.00,0.00,,Unchecked,Unchecked
4536,2,51,1,5/13/2017,Parlor1,1,3,0,7,,5/13/2017 4:32 PM,08:00,4:40 PM,0.00,0.00,0.00,,Unchecked,Unchecked
4575,2,48,1,5/13/2017,Parlor1,1,3,0,8,,5/13/2017 4:33 PM,08:00,4:41 PM,0.00,0.00,0.00,,Unchecked,Unchecked
4546,4,57,1,5/14/2017,Parlor1,1,1,1,3,,5/14/2017 8:08 AM,12:11,8:20 AM,12.11,119.00,1.30,,Unchecked,Unchecked
4587,4,60,1,5/14/2017,Parlor1,1,1,1,4,,5/14/2017 8:09 AM,12:20,8:21 AM,7.18,79.00,0.90,,Checked,Unchecked
4573,4,55,1,5/14/2017,Parlor1,1,1,1,2,,5/14/2017 8:07 AM,09:00,8:16 AM,3.67,81.00,0.85,,Unchecked,Unchecked
4581,4,57,1,5/14/2017,Parlor1,1,1,1,1,,5/14/2017 8:07 AM,08:00,8:15 AM,13.72,183.00,0.95,,Unchecked,Unchecked
4535,3,52,1,5/14/2017,Parlor1,1,1,2,8,,5/14/2017 8:36 AM,14:03,8:50 AM,5.85,92.00,0.00,,Unchecked,Unchecked
4551,3,52,1,5/14/2017,Parlor1,1,1,2,7,,5/14/2017 8:36 AM,14:22,8:50 AM,23.96,200.00,0.00,,Unchecked,Unchecked
5403,3,53,1,5/14/2017,Parlor1,1,1,2,6,,5/14/2017 8:35 AM,14:38,8:50 AM,5.65,100.00,0.00,,Unchecked,Unchecked
5407,4,56,1,5/14/2017,Parlor1,1,1,2,5,,5/14/2017 8:35 AM,15:17,8:50 AM,22.24,253.00,0.00,,Unchecked,Unchecked
5409,3,53,1,5/14/2017,Parlor1,1,1,3,3,,5/14/2017 8:46 AM,13:13,9:00 AM,11.15,117.00,2.43,,Unchecked,Unchecked
4586,2,55,1,5/14/2017,Parlor1,1,1,3,4,,5/14/2017 8:45 AM,10:15,8:56 AM,6.43,202.00,0.83,,Unchecked,Unchecked
4560,3,54,1,5/14/2017,Parlor1,1,1,3,2,,5/14/2017 8:46 AM,14:49,9:01 AM,14.91,158.00,1.38,,Unchecked,Unchecked
5402,2,51,1,5/14/2017,Parlor1,1,1,3,1,,5/14/2017 8:46 AM,14:54,9:01 AM,4.68,90.00,3.09,,Unchecked,Unchecked
4577,2,48,1,5/14/2017,Parlor1,1,1,4,8,,5/14/2017 8:58 AM,15:07,9:13 AM,5.47,100.00,0.65,,Unchecked,Unchecked
4545,2,47,1,5/14/2017,Parlor1,1,1,4,7,,5/14/2017 8:57 AM,15:45,9:12 AM,6.17,100.00,2.23,,Unchecked,Unchecked
4525,3,52,1,5/14/2017,Parlor1,1,1,4,6,,5/14/2017 8:56 AM,16:13,9:12 AM,9.82,134.00,1.83,,Unchecked,Unchecked
4066,3,55,1,5/14/2017,Parlor1,1,1,4,5,,5/14/2017 8:56 AM,16:31,9:12 AM,7.76,86.00,0.95,,Unchecked,Unchecked
4585,2,50,1,5/14/2017,Parlor1,1,1,5,3,,5/14/2017 9:11 AM,11:36,9:22 AM,10.61,152.00,3.48,,Unchecked,Unchecked
4575,2,48,1,5/14/2017,Parlor1,1,1,5,4,,5/14/2017 9:11 AM,11:30,9:23 AM,3.28,100.00,1.00,,Unchecked,Unchecked
4582,3,52,1,5/14/2017,Parlor1,1,1,5,2,,5/14/2017 9:08 AM,15:31,9:23 AM,12.16,168.00,0.13,,Unchecked,Unchecked
4537,2,48,1,5/14/2017,Parlor1,1,1,5,1,,5/14/2017 9:31 AM,00:24,9:32 AM,4.50,100.00,0.13,,Unchecked,Unchecked
4065,4,60,1,5/14/2017,Parlor1,1,1,0,8,,5/14/2017 8:11 AM,08:00,8:19 AM,1.28,0.00,0.40,,Unchecked,Unchecked
4548,4,57,1,5/14/2017,Parlor1,1,1,0,5,,5/14/2017 8:09 AM,08:00,8:17 AM,4.76,0.00,2.18,,Unchecked,Unchecked
4550,4,56,1,5/14/2017,Parlor1,1,1,0,7,,5/14/2017 8:10 AM,06:26,8:16 AM,5.41,0.00,0.90,,Unchecked,Unchecked
4583,4,58,1,5/14/2017,Parlor1,1,1,0,6,,5/14/2017 8:09 AM,16:00,8:25 AM,6.19,0.00,2.48,,Unchecked,Unchecked
4536,2,51,1,5/14/2017,Parlor1,1,1,0,5,,5/14/2017 9:22 AM,11:44,9:34 AM,3.60,0.00,3.13,,Unchecked,Unchecked
4587,4,60,1,5/14/2017,Parlor1,1,2,1,3,,5/14/2017 12:52 PM,11:11,1:03 PM,5.16,188.00,0.75,,Unchecked,Unchecked
5407,4,56,1,5/14/2017,Parlor1,1,2,1,4,,5/14/2017 12:53 PM,10:21,1:03 PM,5.29,222.00,0.85,,Unchecked,Unchecked
4583,4,58,1,5/14/2017,Parlor1,1,2,1,1,,5/14/2017 12:51 PM,11:52,1:03 PM,4.64,194.00,2.25,,Unchecked,Unchecked
4065,4,60,1,5/14/2017,Parlor1,1,2,2,8,,5/14/2017 12:57 PM,04:43,1:02 PM,1.85,250.00,0.18,,Unchecked,Unchecked
4546,4,57,1,5/14/2017,Parlor1,1,2,2,7,,5/14/2017 12:56 PM,08:04,1:04 PM,5.55,179.00,1.05,,Unchecked,Unchecked
4550,4,56,1,5/14/2017,Parlor1,1,2,2,6,,5/14/2017 12:55 PM,22:09,1:18 PM,6.80,216.00,1.15,,Unchecked,Unchecked
4581,4,57,1,5/14/2017,Parlor1,1,2,2,5,,5/14/2017 12:55 PM,24:14,1:19 PM,4.35,189.00,1.05,,Unchecked,Unchecked
5403,3,53,1,5/14/2017,Parlor1,1,2,3,3,,5/14/2017 1:11 PM,04:53,1:16 PM,3.04,182.00,2.40,,Unchecked,Unchecked
4551,3,52,1,5/14/2017,Parlor1,1,2,3,4,,5/14/2017 1:12 PM,05:23,1:17 PM,4.21,202.00,1.58,,Unchecked,Unchecked
5402,2,51,1,5/14/2017,Parlor1,1,2,3,2,,5/14/2017 1:11 PM,05:26,1:16 PM,2.53,173.00,2.08,,Unchecked,Unchecked
4548,4,57,1,5/14/2017,Parlor1,1,2,3,1,,5/14/2017 1:11 PM,05:46,1:16 PM,6.46,216.00,2.08,,Unchecked,Unchecked
4560,3,54,1,5/14/2017,Parlor1,1,2,4,3,,5/14/2017 1:31 PM,12:16,1:44 PM,4.18,155.00,0.75,,Unchecked,Unchecked
4535,3,52,1,5/14/2017,Parlor1,1,2,4,4,,5/14/2017 1:32 PM,11:49,1:44 PM,3.44,172.00,0.73,,Unchecked,Unchecked
4586,2,55,1,5/14/2017,Parlor1,1,2,4,2,,5/14/2017 1:31 PM,12:44,1:44 PM,2.48,255.00,1.65,,Unchecked,Unchecked
5409,3,53,1,5/14/2017,Parlor1,1,2,4,1,,5/14/2017 2:01 PM,13:05,2:14 PM,3.58,124.00,2.80,,Unchecked,Unchecked
4575,2,48,1,5/14/2017,Parlor1,1,2,5,3,,5/14/2017 2:03 PM,11:39,2:14 PM,4.42,100.00,0.98,,Unchecked,Unchecked
4582,3,52,1,5/14/2017,Parlor1,1,2,5,4,,5/14/2017 2:04 PM,11:45,2:15 PM,3.97,174.00,1.23,,Unchecked,Unchecked
4537,2,48,1,5/14/2017,Parlor1,1,2,5,2,,5/14/2017 2:02 PM,23:27,2:25 PM,0.61,100.00,0.00,,Unchecked,Unchecked
4536,2,51,1,5/14/2017,Parlor1,1,2,5,1,,5/14/2017 2:05 PM,19:56,2:25 PM,3.55,147.00,0.20,,Unchecked,Unchecked
4066,3,55,1,5/14/2017,Parlor1,1,2,0,5,,5/14/2017 2:06 PM,07:16,2:14 PM,4.62,0.00,0.75,,Unchecked,Unchecked
4525,3,52,1,5/14/2017,Parlor1,1,2,0,6,,5/14/2017 1:37 PM,14:01,1:51 PM,5.31,0.00,1.25,,Unchecked,Unchecked
4577,2,48,1,5/14/2017,Parlor1,1,2,0,7,,5/14/2017 1:37 PM,10:45,1:48 PM,2.25,0.00,0.68,,Unchecked,Unchecked
4545,2,47,1,5/14/2017,Parlor1,1,2,0,8,,5/14/2017 1:38 PM,11:05,1:49 PM,0.00,0.00,0.18,,Unchecked,Unchecked
4546,4,57,1,5/14/2017,Parlor1,1,3,1,3,,5/14/2017 3:45 PM,04:24,3:50 PM,3.03,171.00,1.25,,Unchecked,Unchecked
5407,4,56,1,5/14/2017,Parlor1,1,3,1,4,,5/14/2017 3:38 PM,08:22,3:47 PM,2.32,150.00,0.85,,Unchecked,Unchecked
4587,4,60,1,5/14/2017,Parlor1,1,3,1,2,,5/14/2017 3:38 PM,10:13,3:48 PM,5.52,200.00,0.45,,Unchecked,Unchecked
4583,4,58,1,5/14/2017,Parlor1,1,3,1,1,,5/14/2017 3:38 PM,06:50,3:44 PM,2.45,172.00,1.80,,Unchecked,Unchecked
5409,3,53,1,5/14/2017,Parlor1,1,3,2,3,,5/14/2017 3:54 PM,05:56,4:00 PM,1.58,139.00,1.45,,Unchecked,Unchecked
4551,3,52,1,5/14/2017,Parlor1,1,3,2,4,,5/14/2017 3:54 PM,05:33,4:00 PM,2.19,180.00,1.48,,Unchecked,Unchecked
5403,3,53,1,5/14/2017,Parlor1,1,3,2,2,,5/14/2017 3:53 PM,06:20,4:00 PM,2.28,235.00,2.03,,Unchecked,Unchecked
4573,4,55,1,5/14/2017,Parlor1,1,3,2,1,,5/14/2017 3:53 PM,01:49,3:55 PM,0.44,19.00,0.40,,Checked,Unchecked
4065,4,60,1,5/14/2017,Parlor1,1,3,3,8,,5/14/2017 3:42 PM,05:11,3:47 PM,1.43,200.00,0.48,,Unchecked,Unchecked
4581,4,57,1,5/14/2017,Parlor1,1,3,3,7,,5/14/2017 3:41 PM,23:44,4:04 PM,4.03,200.00,0.90,,Unchecked,Unchecked
4550,4,56,1,5/14/2017,Parlor1,1,3,3,6,,5/14/2017 3:40 PM,22:03,4:02 PM,2.55,140.00,0.80,,Unchecked,Unchecked
4548,4,57,1,5/14/2017,Parlor1,1,3,3,5,,5/14/2017 3:39 PM,23:14,4:02 PM,4.65,200.00,0.83,,Unchecked,Unchecked
4577,2,48,1,5/14/2017,Parlor1,1,3,4,3,,5/14/2017 4:21 PM,21:15,4:43 PM,1.33,100.00,0.90,,Unchecked,Unchecked
4575,2,48,1,5/14/2017,Parlor1,1,3,4,4,,5/14/2017 4:20 PM,14:53,4:35 PM,0.24,100.00,0.08,,Unchecked,Unchecked
4525,3,52,1,5/14/2017,Parlor1,1,3,4,2,,5/14/2017 4:22 PM,09:18,4:31 PM,1.92,59.00,0.78,,Checked,Unchecked
4066,3,55,1,5/14/2017,Parlor1,1,3,4,1,,5/14/2017 4:19 PM,11:11,4:30 PM,3.05,72.00,0.50,,Checked,Unchecked
4535,3,52,1,5/14/2017,Parlor1,1,3,0,8,,5/14/2017 4:14 PM,09:26,4:24 PM,3.29,0.00,0.25,,Unchecked,Unchecked
4582,3,52,1,5/14/2017,Parlor1,1,3,0,1,,5/14/2017 4:50 PM,11:26,5:01 PM,3.72,0.00,1.40,,Unchecked,Unchecked
4586,2,55,1,5/14/2017,Parlor1,1,3,0,6,,5/14/2017 4:13 PM,12:05,4:25 PM,4.94,0.00,0.73,,Unchecked,Unchecked
5402,2,51,1,5/14/2017,Parlor1,1,3,0,7,,5/14/2017 4:13 PM,11:41,4:25 PM,2.67,0.00,0.70,,Unchecked,Unchecked
4537,2,48,1,5/14/2017,Parlor1,1,3,0,5,,5/14/2017 4:37 PM,08:00,4:45 PM,0.00,0.00,0.00,,Unchecked,Unchecked
4545,2,47,1,5/14/2017,Parlor1,1,3,0,6,,5/14/2017 4:42 PM,17:34,5:00 PM,0.00,0.00,0.00,,Unchecked,Unchecked
4536,2,51,1,5/14/2017,Parlor1,1,3,0,7,,5/14/2017 4:43 PM,08:00,4:51 PM,0.00,0.00,0.00,,Unchecked,Unchecked
4585,2,50,1,5/14/2017,Parlor1,1,3,0,8,,5/14/2017 4:41 PM,08:00,4:49 PM,0.00,0.00,0.00,,Unchecked,Unchecked
4583,4,58,1,5/15/2017,Parlor1,1,1,2,1,,5/15/2017 8:18 AM,00:54,8:19 AM,12.12,150.00,3.60,,Unchecked,Unchecked
4587,4,60,1,5/15/2017,Parlor1,1,1,2,3,,5/15/2017 8:17 AM,15:21,8:32 AM,8.46,83.00,1.18,,Unchecked,Unchecked
4573,4,55,1,5/15/2017,Parlor1,1,1,2,4,,5/15/2017 8:17 AM,08:13,8:25 AM,3.78,76.00,0.65,,Checked,Unchecked
4548,4,57,1,5/15/2017,Parlor1,1,1,2,2,,5/15/2017 8:16 AM,20:37,8:37 AM,13.23,132.00,1.80,,Unchecked,Unchecked
4535,3,52,1,5/15/2017,Parlor1,1,1,3,3,,5/15/2017 8:42 AM,14:07,8:56 AM,6.93,103.00,2.35,,Unchecked,Unchecked
4560,3,54,1,5/15/2017,Parlor1,1,1,3,4,,5/15/2017 8:42 AM,17:00,8:59 AM,14.73,136.00,1.10,,Unchecked,Unchecked
4551,3,52,1,5/15/2017,Parlor1,1,1,3,2,,5/15/2017 8:42 AM,13:57,8:56 AM,12.93,134.00,1.90,,Unchecked,Unchecked
5407,4,56,1,5/15/2017,Parlor1,1,1,3,1,,5/15/2017 8:42 AM,15:37,8:58 AM,13.55,111.00,0.70,,Unchecked,Unchecked
4525,3,52,1,5/15/2017,Parlor1,1,1,1,8,,5/15/2017 8:52 AM,09:26,9:01 AM,10.38,135.00,0.00,,Unchecked,Unchecked
4586,2,55,1,5/15/2017,Parlor1,1,1,1,7,,5/15/2017 8:52 AM,11:41,9:04 AM,7.27,146.00,0.00,,Unchecked,Unchecked
5403,3,53,1,5/15/2017,Parlor1,1,1,1,6,,5/15/2017 8:52 AM,12:05,9:04 AM,6.95,100.00,0.00,,Unchecked,Unchecked
4066,3,55,1,5/15/2017,Parlor1,1,1,1,5,,5/15/2017 8:51 AM,12:49,9:04 AM,21.32,207.00,0.00,,Unchecked,Unchecked
4577,2,48,1,5/15/2017,Parlor1,1,1,4,3,,5/15/2017 9:05 AM,10:42,9:16 AM,5.05,137.00,0.60,,Unchecked,Unchecked
4585,2,50,1,5/15/2017,Parlor1,1,1,4,4,,5/15/2017 9:05 AM,13:36,9:18 AM,10.38,128.00,3.77,,Unchecked,Unchecked
5409,3,53,1,5/15/2017,Parlor1,1,1,4,2,,5/15/2017 9:04 AM,27:04,9:32 AM,11.61,117.00,2.33,,Unchecked,Unchecked
5402,2,51,1,5/15/2017,Parlor1,1,1,4,1,,5/15/2017 9:04 AM,11:28,9:15 AM,4.68,85.00,2.88,,Unchecked,Unchecked
4536,2,51,1,5/15/2017,Parlor1,1,1,5,8,,5/15/2017 9:20 AM,08:59,9:29 AM,10.82,219.00,3.23,,Unchecked,Unchecked
4575,2,48,1,5/15/2017,Parlor1,1,1,5,6,,5/15/2017 9:20 AM,11:04,9:31 AM,6.39,123.00,0.00,,Unchecked,Unchecked
4582,3,52,1,5/15/2017,Parlor1,1,1,5,5,,5/15/2017 9:19 AM,08:25,9:27 AM,10.70,128.00,1.93,,Unchecked,Unchecked
4545,2,47,1,5/15/2017,Parlor1,1,1,7,3,,5/15/2017 9:26 AM,06:13,9:32 AM,8.82,100.00,2.08,,Unchecked,Unchecked
4065,4,60,1,5/15/2017,Parlor1,1,1,0,7,,5/15/2017 8:19 AM,08:00,8:27 AM,1.30,0.00,2.38,,Unchecked,Unchecked
4550,4,56,1,5/15/2017,Parlor1,1,1,0,6,,5/15/2017 8:18 AM,06:26,8:25 AM,5.87,0.00,7.00,,Unchecked,Unchecked
4581,4,57,1,5/15/2017,Parlor1,1,1,0,5,,5/15/2017 8:18 AM,08:00,8:26 AM,4.66,0.00,3.17,,Unchecked,Unchecked
4581,4,57,1,5/15/2017,Parlor1,1,2,1,3,,5/15/2017 12:46 PM,10:50,12:57 PM,4.76,185.00,0.90,,Unchecked,Unchecked
4065,4,60,1,5/15/2017,Parlor1,1,2,1,4,,5/15/2017 12:53 PM,05:21,12:58 PM,0.03,4.00,0.00,,Checked,Unchecked
4546,4,57,1,5/15/2017,Parlor1,1,2,1,2,,5/15/2017 12:46 PM,11:26,12:57 PM,5.96,49.00,0.60,,Checked,Unchecked
4583,4,58,1,5/15/2017,Parlor1,1,2,1,1,,5/15/2017 12:45 PM,09:05,12:54 PM,4.50,197.00,2.18,,Unchecked,Unchecked
4535,3,52,1,5/15/2017,Parlor1,1,2,3,8,,5/15/2017 1:06 PM,06:30,1:13 PM,2.68,77.00,0.00,,Checked,Unchecked
5402,2,51,1,5/15/2017,Parlor1,1,2,3,7,,5/15/2017 12:56 PM,13:05,1:10 PM,1.33,47.00,0.98,,Checked,Unchecked
4551,3,52,1,5/15/2017,Parlor1,1,2,3,6,,5/15/2017 12:56 PM,14:29,1:10 PM,3.86,77.00,2.05,,Checked,Unchecked
4573,4,55,1,5/15/2017,Parlor1,1,2,3,5,,5/15/2017 12:55 PM,03:42,12:59 PM,2.02,78.00,0.98,,Checked,Unchecked
4560,3,54,1,5/15/2017,Parlor1,1,2,4,3,,5/15/2017 1:05 PM,06:47,1:12 PM,4.30,149.00,0.95,,Unchecked,Unchecked
5403,3,53,1,5/15/2017,Parlor1,1,2,4,4,,5/15/2017 1:04 PM,04:48,1:09 PM,2.80,150.00,0.00,,Unchecked,Unchecked
4586,2,55,1,5/15/2017,Parlor1,1,2,4,2,,5/15/2017 1:04 PM,07:12,1:12 PM,2.33,173.00,1.13,,Unchecked,Unchecked
4066,3,55,1,5/15/2017,Parlor1,1,2,4,1,,5/15/2017 1:05 PM,06:37,1:12 PM,5.32,189.00,1.03,,Unchecked,Unchecked
4536,2,51,1,5/15/2017,Parlor1,1,2,5,3,,5/15/2017 1:21 PM,09:51,1:31 PM,4.35,200.00,1.73,,Unchecked,Unchecked
4582,3,52,1,5/15/2017,Parlor1,1,2,5,4,,5/15/2017 1:22 PM,10:31,1:32 PM,4.69,217.00,1.13,,Unchecked,Unchecked
4525,3,52,1,5/15/2017,Parlor1,1,2,5,2,,5/15/2017 1:21 PM,10:26,1:31 PM,3.23,145.00,1.33,,Unchecked,Unchecked
5409,3,53,1,5/15/2017,Parlor1,1,2,5,1,,5/15/2017 1:20 PM,08:33,1:29 PM,3.33,124.00,2.48,,Unchecked,Unchecked
4545,2,47,1,5/15/2017,Parlor1,1,2,6,8,,5/15/2017 1:22 PM,04:44,1:27 PM,3.76,100.00,0.35,,Unchecked,Unchecked
4575,2,48,1,5/15/2017,Parlor1,1,2,6,7,,5/15/2017 1:23 PM,07:20,1:30 PM,2.55,193.00,0.00,,Unchecked,Unchecked
4585,2,50,1,5/15/2017,Parlor1,1,2,6,6,,5/15/2017 1:23 PM,07:00,1:30 PM,4.16,216.00,3.00,,Unchecked,Unchecked
4577,2,48,1,5/15/2017,Parlor1,1,2,6,5,,5/15/2017 1:23 PM,07:33,1:30 PM,1.89,189.00,0.55,,Unchecked,Unchecked
4548,4,57,1,5/15/2017,Parlor1,1,2,0,5,,5/15/2017 12:47 PM,09:09,12:57 PM,5.15,0.00,1.50,,Unchecked,Unchecked
4550,4,56,1,5/15/2017,Parlor1,1,2,0,7,,5/15/2017 12:49 PM,06:26,12:55 PM,5.87,0.00,1.35,,Unchecked,Unchecked
4587,4,60,1,5/15/2017,Parlor1,1,2,0,6,,5/15/2017 12:48 PM,08:37,12:57 PM,5.24,0.00,1.05,,Unchecked,Unchecked
5407,4,56,1,5/15/2017,Parlor1,1,2,0,8,,5/15/2017 12:49 PM,07:28,12:57 PM,6.18,0.00,1.13,,Unchecked,Unchecked
4537,2,48,1,5/15/2017,Parlor1,1,2,0,8,,5/15/2017 1:39 PM,08:46,1:47 PM,0.61,0.00,0.00,,Unchecked,Unchecked
4586,2,55,1,5/15/2017,Parlor1,1,3,1,3,,5/15/2017 3:38 PM,04:45,3:43 PM,0.95,118.00,0.55,,Unchecked,Unchecked
4551,3,52,1,5/15/2017,Parlor1,1,3,1,4,,5/15/2017 3:37 PM,05:35,3:43 PM,2.24,136.00,1.50,,Unchecked,Unchecked
5409,3,53,1,5/15/2017,Parlor1,1,3,1,2,,5/15/2017 3:38 PM,05:01,3:43 PM,1.60,113.00,1.30,,Unchecked,Unchecked
5403,3,53,1,5/15/2017,Parlor1,1,3,1,1,,5/15/2017 3:37 PM,06:13,3:43 PM,1.60,142.00,1.40,,Unchecked,Unchecked
4066,3,55,1,5/15/2017,Parlor1,1,3,2,8,,5/15/2017 3:39 PM,09:23,3:49 PM,2.72,162.00,1.03,,Unchecked,Unchecked
4525,3,52,1,5/15/2017,Parlor1,1,3,2,7,,5/15/2017 3:39 PM,10:05,3:49 PM,1.49,133.00,0.00,,Unchecked,Unchecked
4560,3,54,1,5/15/2017,Parlor1,1,3,2,6,,5/15/2017 3:39 PM,10:07,3:49 PM,2.91,175.00,0.70,,Unchecked,Unchecked
5402,2,51,1,5/15/2017,Parlor1,1,3,2,5,,5/15/2017 3:38 PM,05:54,3:44 PM,2.36,253.00,2.15,,Unchecked,Unchecked
4587,4,60,1,5/15/2017,Parlor1,1,3,3,3,,5/15/2017 3:46 PM,05:10,3:51 PM,4.44,228.00,1.58,,Unchecked,Unchecked
4583,4,58,1,5/15/2017,Parlor1,1,3,3,4,,5/15/2017 3:46 PM,08:26,3:55 PM,2.55,162.00,1.55,,Unchecked,Unchecked
5407,4,56,1,5/15/2017,Parlor1,1,3,3,2,,5/15/2017 3:46 PM,04:14,3:50 PM,2.23,97.00,0.75,,Unchecked,Unchecked
4535,3,52,1,5/15/2017,Parlor1,1,3,3,1,,5/15/2017 3:47 PM,05:14,3:52 PM,2.08,179.00,1.05,,Unchecked,Unchecked
4537,2,48,1,5/15/2017,Parlor1,1,3,4,3,,5/15/2017 4:03 PM,10:52,4:14 PM,2.35,100.00,0.13,,Unchecked,Unchecked
4536,2,51,1,5/15/2017,Parlor1,1,3,4,4,,5/15/2017 4:04 PM,07:56,4:12 PM,2.11,200.00,1.00,,Unchecked,Unchecked
4548,4,57,1,5/15/2017,Parlor1,1,3,4,2,,5/15/2017 4:04 PM,10:50,4:14 PM,4.78,226.00,0.75,,Unchecked,Unchecked
4546,4,57,1,5/15/2017,Parlor1,1,3,4,1,,5/15/2017 4:03 PM,08:51,4:12 PM,3.49,151.00,1.13,,Unchecked,Unchecked
4581,4,57,1,5/15/2017,Parlor1,1,3,5,8,,5/15/2017 3:56 PM,28:03,4:24 PM,5.54,200.00,1.15,,Unchecked,Unchecked
4550,4,56,1,5/15/2017,Parlor1,1,3,5,7,,5/15/2017 3:56 PM,10:53,4:07 PM,3.22,143.00,1.08,,Unchecked,Unchecked
4065,4,60,1,5/15/2017,Parlor1,1,3,5,6,,5/15/2017 3:55 PM,09:24,4:05 PM,2.22,200.00,0.15,,Unchecked,Unchecked
4573,4,55,1,5/15/2017,Parlor1,1,3,5,5,,5/15/2017 3:55 PM,12:32,4:07 PM,1.31,137.00,0.83,,Unchecked,Unchecked
4582,3,52,1,5/15/2017,Parlor1,1,3,6,5,,5/15/2017 4:29 PM,05:22,4:34 PM,2.65,158.00,1.18,,Unchecked,Unchecked
4577,2,48,1,5/15/2017,Parlor1,1,3,7,3,,5/15/2017 4:21 PM,13:36,4:35 PM,1.69,244.00,0.80,,Unchecked,Unchecked
4545,2,47,1,5/15/2017,Parlor1,1,3,7,4,,5/15/2017 4:22 PM,10:19,4:33 PM,2.40,100.00,0.58,,Unchecked,Unchecked
4575,2,48,1,5/15/2017,Parlor1,1,3,7,2,,5/15/2017 4:21 PM,14:48,4:36 PM,3.68,200.00,0.65,,Unchecked,Unchecked
4585,2,50,1,5/15/2017,Parlor1,1,3,7,1,,5/15/2017 4:20 PM,13:05,4:34 PM,2.17,164.00,1.88,,Unchecked,Unchecked
4587,4,60,1,5/16/2017,Parlor1,1,1,1,3,,5/16/2017 8:21 AM,18:52,8:40 AM,14.04,125.00,0.40,,Unchecked,Unchecked
4573,4,55,1,5/16/2017,Parlor1,1,1,1,4,,5/16/2017 8:21 AM,14:00,8:35 AM,3.66,73.00,0.70,,Checked,Unchecked
4546,4,57,1,5/16/2017,Parlor1,1,1,1,2,,5/16/2017 8:22 AM,11:30,8:34 AM,11.61,106.00,1.18,,Unchecked,Unchecked
4583,4,58,1,5/16/2017,Parlor1,1,1,1,1,,5/16/2017 8:21 AM,14:41,8:36 AM,10.63,118.00,2.95,,Unchecked,Unchecked
4065,4,60,1,5/16/2017,Parlor1,1,1,2,8,,5/16/2017 8:20 AM,09:50,8:30 AM,2.94,121.00,0.78,,Unchecked,Unchecked
4550,4,56,1,5/16/2017,Parlor1,1,1,2,7,,5/16/2017 8:20 AM,17:18,8:37 AM,13.43,116.00,0.95,,Unchecked,Unchecked
5407,4,56,1,5/16/2017,Parlor1,1,1,2,6,,5/16/2017 8:19 AM,17:53,8:37 AM,13.39,102.00,0.85,,Unchecked,Unchecked
4581,4,57,1,5/16/2017,Parlor1,1,1,2,5,,5/16/2017 8:19 AM,08:00,8:27 AM,14.63,156.00,0.80,,Unchecked,Unchecked
4525,3,52,1,5/16/2017,Parlor1,1,1,3,3,,5/16/2017 8:47 AM,14:16,9:01 AM,10.77,132.00,2.30,,Unchecked,Unchecked
5402,2,51,1,5/16/2017,Parlor1,1,1,3,4,,5/16/2017 8:47 AM,07:37,8:54 AM,1.98,36.00,0.03,,Checked,Unchecked
4066,3,55,1,5/16/2017,Parlor1,1,1,3,2,,5/16/2017 8:46 AM,16:15,9:02 AM,10.17,80.00,0.90,,Unchecked,Unchecked
4548,4,57,1,5/16/2017,Parlor1,1,1,3,1,,5/16/2017 8:46 AM,17:26,9:03 AM,15.08,132.00,1.93,,Unchecked,Unchecked
4560,3,54,1,5/16/2017,Parlor1,1,1,4,8,,5/16/2017 8:59 AM,19:13,9:18 AM,15.94,120.00,1.48,,Unchecked,Unchecked
4535,3,52,1,5/16/2017,Parlor1,1,1,4,7,,5/16/2017 8:57 AM,16:36,9:14 AM,5.03,72.00,1.68,,Checked,Unchecked
4551,3,52,1,5/16/2017,Parlor1,1,1,4,6,,5/16/2017 8:58 AM,19:34,9:17 AM,12.16,106.00,2.55,,Unchecked,Unchecked
5403,3,53,1,5/16/2017,Parlor1,1,1,4,5,,5/16/2017 8:58 AM,19:49,9:18 AM,11.66,141.00,3.25,,Unchecked,Unchecked
4545,2,47,1,5/16/2017,Parlor1,1,1,5,3,,5/16/2017 9:13 AM,06:39,9:19 AM,9.50,97.00,2.08,,Unchecked,Unchecked
4537,2,48,1,5/16/2017,Parlor1,1,1,5,4,,5/16/2017 9:13 AM,17:26,9:31 AM,1.93,80.00,0.03,,Unchecked,Unchecked
4586,2,55,1,5/16/2017,Parlor1,1,1,5,2,,5/16/2017 9:12 AM,13:04,9:25 AM,7.91,132.00,1.13,,Unchecked,Unchecked
5409,3,53,1,5/16/2017,Parlor1,1,1,5,1,,5/16/2017 9:13 AM,12:03,9:25 AM,11.91,116.00,2.55,,Unchecked,Unchecked
4575,2,48,1,5/16/2017,Parlor1,1,1,6,7,,5/16/2017 9:25 AM,15:23,9:41 AM,7.85,116.00,0.00,,Unchecked,Unchecked
4577,2,48,1,5/16/2017,Parlor1,1,1,6,8,,5/16/2017 9:25 AM,15:23,9:40 AM,5.30,122.00,0.60,,Unchecked,Unchecked
4528,2,45,1,5/16/2017,Parlor1,1,1,6,6,,5/16/2017 9:27 AM,12:15,9:39 AM,0.92,100.00,0.83,,Unchecked,Unchecked
4582,3,52,1,5/16/2017,Parlor1,1,1,6,5,,5/16/2017 9:24 AM,16:22,9:40 AM,13.22,147.00,0.03,,Unchecked,Unchecked
4585,2,50,1,5/16/2017,Parlor1,1,1,7,3,,5/16/2017 9:38 AM,11:01,9:49 AM,12.17,150.00,4.48,,Unchecked,Unchecked
4536,2,51,1,5/16/2017,Parlor1,1,1,7,4,,5/16/2017 9:38 AM,10:41,9:49 AM,13.16,188.00,2.69,,Unchecked,Unchecked
5407,4,56,1,5/16/2017,Parlor1,1,2,1,3,,5/16/2017 12:53 PM,10:55,1:04 PM,4.01,106.00,1.20,,Unchecked,Unchecked
4550,4,56,1,5/16/2017,Parlor1,1,2,1,4,,5/16/2017 12:53 PM,10:41,1:04 PM,5.87,177.00,0.80,,Unchecked,Unchecked
4546,4,57,1,5/16/2017,Parlor1,1,2,1,2,,5/16/2017 12:53 PM,07:55,1:01 PM,6.28,200.00,0.95,,Unchecked,Unchecked
4587,4,60,1,5/16/2017,Parlor1,1,2,1,1,,5/16/2017 12:53 PM,13:06,1:06 PM,4.31,134.00,1.10,,Unchecked,Unchecked
4065,4,60,1,5/16/2017,Parlor1,1,2,2,8,,5/16/2017 12:54 PM,16:27,1:10 PM,2.05,200.00,0.00,,Unchecked,Unchecked
4573,4,55,1,5/16/2017,Parlor1,1,2,2,7,,5/16/2017 12:55 PM,09:22,1:04 PM,2.71,189.00,0.90,,Unchecked,Unchecked
4583,4,58,1,5/16/2017,Parlor1,1,2,2,6,,5/16/2017 12:54 PM,10:04,1:04 PM,4.27,165.00,2.03,,Unchecked,Unchecked
4581,4,57,1,5/16/2017,Parlor1,1,2,2,5,,5/16/2017 12:54 PM,20:40,1:14 PM,6.21,228.00,0.85,,Unchecked,Unchecked
4551,3,52,1,5/16/2017,Parlor1,1,2,3,3,,5/16/2017 1:13 PM,12:44,1:26 PM,4.72,154.00,2.30,,Unchecked,Unchecked
4560,3,54,1,5/16/2017,Parlor1,1,2,3,4,,5/16/2017 1:13 PM,12:15,1:25 PM,4.05,115.00,0.58,,Unchecked,Unchecked
5403,3,53,1,5/16/2017,Parlor1,1,2,3,2,,5/16/2017 1:13 PM,12:55,1:26 PM,3.18,144.00,2.05,,Unchecked,Unchecked
4548,4,57,1,5/16/2017,Parlor1,1,2,3,1,,5/16/2017 1:13 PM,13:05,1:26 PM,5.91,183.00,1.10,,Unchecked,Unchecked
4066,3,55,1,5/16/2017,Parlor1,1,2,4,8,,5/16/2017 1:24 PM,16:34,1:40 PM,5.03,136.00,1.03,,Unchecked,Unchecked
4525,3,52,1,5/16/2017,Parlor1,1,2,4,7,,5/16/2017 1:23 PM,16:56,1:40 PM,3.69,156.00,1.73,,Unchecked,Unchecked
4535,3,52,1,5/16/2017,Parlor1,1,2,4,6,,5/16/2017 1:23 PM,17:09,1:40 PM,4.06,209.00,1.13,,Unchecked,Unchecked
5409,3,53,1,5/16/2017,Parlor1,1,2,4,5,,5/16/2017 1:22 PM,17:39,1:40 PM,3.48,130.00,2.79,,Unchecked,Unchecked
4585,2,50,1,5/16/2017,Parlor1,1,2,5,3,,5/16/2017 1:37 PM,13:23,1:51 PM,3.29,162.00,2.80,,Unchecked,Unchecked
4582,3,52,1,5/16/2017,Parlor1,1,2,5,4,,5/16/2017 1:36 PM,14:01,1:50 PM,3.65,144.00,1.25,,Unchecked,Unchecked
5402,2,51,1,5/16/2017,Parlor1,1,2,5,2,,5/16/2017 1:37 PM,14:40,1:52 PM,2.83,169.00,0.03,,Unchecked,Unchecked
4586,2,55,1,5/16/2017,Parlor1,1,2,5,1,,5/16/2017 1:35 PM,14:21,1:49 PM,2.11,121.00,1.03,,Unchecked,Unchecked
4537,2,48,1,5/16/2017,Parlor1,1,2,6,8,,5/16/2017 1:48 PM,13:54,2:02 PM,2.74,200.00,0.00,,Unchecked,Unchecked
4545,2,47,1,5/16/2017,Parlor1,1,2,6,7,,5/16/2017 1:50 PM,11:16,2:02 PM,4.51,157.00,0.98,,Unchecked,Unchecked
4575,2,48,1,5/16/2017,Parlor1,1,2,6,6,,5/16/2017 1:49 PM,12:17,2:02 PM,4.25,226.00,0.75,,Unchecked,Unchecked
4577,2,48,1,5/16/2017,Parlor1,1,2,6,5,,5/16/2017 1:49 PM,12:05,2:01 PM,2.65,219.00,0.80,,Unchecked,Unchecked
5408,5,44,1,5/16/2017,Parlor1,1,2,7,3,,5/16/2017 2:03 PM,09:30,2:13 PM,3.33,100.00,0.30,,Unchecked,Unchecked
4536,2,51,1,5/16/2017,Parlor1,1,2,7,2,,5/16/2017 1:56 PM,12:27,2:08 PM,4.22,224.00,2.18,,Unchecked,Unchecked
4528,2,45,1,5/16/2017,Parlor1,1,2,7,1,,5/16/2017 1:56 PM,16:09,2:12 PM,0.79,100.00,0.00,,Unchecked,Unchecked
4065,4,60,1,5/16/2017,Parlor1,1,3,1,8,,5/16/2017 3:42 PM,07:35,3:50 PM,0.77,179.00,0.00,,Unchecked,Unchecked
4550,4,56,1,5/16/2017,Parlor1,1,3,1,7,,5/16/2017 3:42 PM,10:41,3:52 PM,2.71,132.00,0.60,,Unchecked,Unchecked
4587,4,60,1,5/16/2017,Parlor1,1,3,1,6,,5/16/2017 3:41 PM,10:52,3:52 PM,2.18,109.00,0.50,,Unchecked,Unchecked
4548,4,57,1,5/16/2017,Parlor1,1,3,1,5,,5/16/2017 3:41 PM,11:42,3:52 PM,2.82,159.00,0.25,,Unchecked,Unchecked
4581,4,57,1,5/16/2017,Parlor1,1,3,2,3,,5/16/2017 3:40 PM,19:24,3:59 PM,3.14,190.00,0.65,,Unchecked,Unchecked
4573,4,55,1,5/16/2017,Parlor1,1,3,2,4,,5/16/2017 3:40 PM,07:17,3:48 PM,0.61,70.00,0.40,,Checked,Unchecked
5407,4,56,1,5/16/2017,Parlor1,1,3,2,2,,5/16/2017 3:40 PM,07:52,3:48 PM,2.38,103.00,1.20,,Unchecked,Unchecked
4546,4,57,1,5/16/2017,Parlor1,1,3,2,1,,5/16/2017 4:03 PM,35:54,4:39 PM,2.79,143.00,0.00,,Unchecked,Unchecked
5402,2,51,1,5/16/2017,Parlor1,1,3,3,8,,5/16/2017 3:59 PM,07:52,4:07 PM,1.12,136.00,0.80,,Unchecked,Unchecked
4535,3,52,1,5/16/2017,Parlor1,1,3,3,7,,5/16/2017 3:58 PM,14:13,4:13 PM,1.78,156.00,0.20,,Unchecked,Unchecked
5403,3,53,1,5/16/2017,Parlor1,1,3,3,6,,5/16/2017 3:58 PM,13:51,4:12 PM,2.09,145.00,1.85,,Unchecked,Unchecked
4583,4,58,1,5/16/2017,Parlor1,1,3,3,5,,5/16/2017 3:58 PM,15:27,4:13 PM,3.12,175.00,2.05,,Unchecked,Unchecked
4586,2,55,1,5/16/2017,Parlor1,1,3,4,3,,5/16/2017 4:05 PM,19:41,4:25 PM,0.96,102.00,0.55,,Unchecked,Unchecked
5409,3,53,1,5/16/2017,Parlor1,1,3,4,4,,5/16/2017 4:05 PM,19:52,4:25 PM,2.10,119.00,1.73,,Unchecked,Unchecked
4066,3,55,1,5/16/2017,Parlor1,1,3,4,2,,5/16/2017 4:05 PM,03:25,4:08 PM,1.86,85.00,1.03,,Unchecked,Unchecked
4551,3,52,1,5/16/2017,Parlor1,1,3,4,1,,5/16/2017 4:05 PM,19:41,4:25 PM,2.52,121.00,1.30,,Unchecked,Unchecked
4537,2,48,1,5/16/2017,Parlor1,1,3,5,8,,5/16/2017 4:22 PM,14:11,4:36 PM,4.71,200.00,2.55,,Unchecked,Unchecked
4577,2,48,1,5/16/2017,Parlor1,1,3,5,7,,5/16/2017 4:22 PM,13:39,4:36 PM,1.85,200.00,0.85,,Unchecked,Unchecked
4560,3,54,1,5/16/2017,Parlor1,1,3,5,6,,5/16/2017 4:22 PM,14:09,4:36 PM,3.05,116.00,0.00,,Unchecked,Unchecked
4525,3,52,1,5/16/2017,Parlor1,1,3,5,5,,5/16/2017 4:21 PM,14:51,4:36 PM,2.03,130.00,0.00,,Unchecked,Unchecked
4536,2,51,1,5/16/2017,Parlor1,1,3,6,3,,5/16/2017 4:37 PM,16:40,4:54 PM,2.58,226.00,1.13,,Unchecked,Unchecked
4545,2,47,1,5/16/2017,Parlor1,1,3,6,4,,5/16/2017 5:08 PM,05:35,5:13 PM,1.81,107.00,0.00,,Unchecked,Unchecked
4582,3,52,1,5/16/2017,Parlor1,1,3,6,2,,5/16/2017 4:35 PM,18:47,4:54 PM,2.60,154.00,0.03,,Unchecked,Unchecked
4575,2,48,1,5/16/2017,Parlor1,1,3,6,1,,5/16/2017 4:35 PM,18:54,4:54 PM,1.65,142.00,0.68,,Unchecked,Unchecked
5408,5,44,1,5/16/2017,Parlor1,1,3,7,7,,5/16/2017 4:53 PM,08:23,5:01 PM,3.33,100.00,0.03,,Unchecked,Unchecked
4528,2,45,1,5/16/2017,Parlor1,1,3,7,6,,5/16/2017 4:52 PM,09:32,5:02 PM,0.55,100.00,0.45,,Unchecked,Unchecked
4585,2,50,1,5/16/2017,Parlor1,1,3,7,5,,5/16/2017 4:45 PM,05:02,4:50 PM,2.17,134.00,0.73,,Unchecked,Unchecked
4548,4,57,1,5/17/2017,Parlor1,1,1,1,3,,5/17/2017 8:15 AM,13:13,8:28 AM,14.62,123.00,2.23,,Unchecked,Unchecked
4583,4,58,1,5/17/2017,Parlor1,1,1,1,4,,5/17/2017 8:15 AM,11:37,8:27 AM,12.47,134.00,2.13,,Unchecked,Unchecked
4550,4,56,1,5/17/2017,Parlor1,1,1,1,2,,5/17/2017 8:14 AM,14:04,8:29 AM,11.57,96.00,1.10,,Unchecked,Unchecked
4573,4,55,1,5/17/2017,Parlor1,1,1,1,1,,5/17/2017 8:14 AM,08:22,8:23 AM,3.08,62.00,0.80,,Checked,Unchecked
4065,4,60,1,5/17/2017,Parlor1,1,1,2,8,,5/17/2017 8:17 AM,03:53,8:21 AM,3.45,134.00,0.53,,Unchecked,Unchecked
4581,4,57,1,5/17/2017,Parlor1,1,1,2,7,,5/17/2017 8:17 AM,13:58,8:31 AM,17.55,176.00,0.75,,Unchecked,Unchecked
4546,4,57,1,5/17/2017,Parlor1,1,1,2,6,,5/17/2017 8:16 AM,10:17,8:27 AM,11.10,98.00,1.50,,Unchecked,Unchecked
4587,4,60,1,5/17/2017,Parlor1,1,1,2,5,,5/17/2017 8:16 AM,08:51,8:25 AM,6.68,56.00,1.50,,Checked,Unchecked
4535,3,52,1,5/17/2017,Parlor1,1,1,3,3,,5/17/2017 8:36 AM,20:52,8:57 AM,6.01,82.00,2.65,,Unchecked,Unchecked
4525,3,52,1,5/17/2017,Parlor1,1,1,3,4,,5/17/2017 8:36 AM,10:09,8:46 AM,10.07,112.00,1.95,,Unchecked,Unchecked
5403,3,53,1,5/17/2017,Parlor1,1,1,3,2,,5/17/2017 8:36 AM,07:29,8:44 AM,11.50,131.00,3.80,,Unchecked,Unchecked
5407,4,56,1,5/17/2017,Parlor1,1,1,3,1,,5/17/2017 8:36 AM,25:01,9:01 AM,13.68,99.00,1.23,,Unchecked,Unchecked
5409,3,53,1,5/17/2017,Parlor1,1,1,4,8,,5/17/2017 8:56 AM,06:39,9:03 AM,10.88,102.00,2.35,,Unchecked,Unchecked
5402,2,51,1,5/17/2017,Parlor1,1,1,4,7,,5/17/2017 8:56 AM,02:05,8:58 AM,2.13,38.00,2.15,,Checked,Unchecked
4560,3,54,1,5/17/2017,Parlor1,1,1,4,6,,5/17/2017 8:55 AM,14:56,9:10 AM,15.35,105.00,1.15,,Unchecked,Unchecked
4066,3,55,1,5/17/2017,Parlor1,1,1,4,5,,5/17/2017 8:55 AM,14:14,9:09 AM,9.87,75.00,1.25,,Checked,Unchecked
4545,2,47,1,5/17/2017,Parlor1,1,1,5,3,,5/17/2017 9:09 AM,07:42,9:17 AM,10.88,138.00,1.95,,Unchecked,Unchecked
4577,2,48,1,5/17/2017,Parlor1,1,1,5,4,,5/17/2017 9:09 AM,08:48,9:18 AM,4.26,88.00,0.63,,Unchecked,Unchecked
4575,2,48,1,5/17/2017,Parlor1,1,1,5,2,,5/17/2017 9:09 AM,10:30,9:19 AM,10.20,138.00,1.43,,Unchecked,Unchecked
4551,3,52,1,5/17/2017,Parlor1,1,1,5,1,,5/17/2017 9:09 AM,11:28,9:20 AM,12.19,96.00,2.35,,Unchecked,Unchecked
4585,2,50,1,5/17/2017,Parlor1,1,1,6,7,,5/17/2017 9:22 AM,06:28,9:28 AM,11.88,137.00,4.68,,Unchecked,Unchecked
4582,3,52,1,5/17/2017,Parlor1,1,1,6,6,,5/17/2017 9:20 AM,11:37,9:32 AM,11.70,109.00,0.00,,Unchecked,Unchecked
4528,2,45,1,5/17/2017,Parlor1,1,1,6,5,,5/17/2017 9:31 AM,03:06,9:34 AM,3.09,211.00,1.33,,Unchecked,Unchecked
4536,2,51,1,5/17/2017,Parlor1,1,1,7,3,,5/17/2017 9:29 AM,08:13,9:38 AM,12.07,125.00,3.13,,Unchecked,Unchecked
4586,2,55,1,5/17/2017,Parlor1,1,1,7,4,,5/17/2017 9:37 AM,07:52,9:45 AM,7.42,95.00,1.25,,Unchecked,Unchecked
4537,2,48,1,5/17/2017,Parlor1,1,1,7,2,,5/17/2017 9:29 AM,07:01,9:36 AM,6.87,160.00,1.93,,Unchecked,Unchecked
5408,5,44,1,5/17/2017,Parlor1,1,1,7,1,,5/17/2017 9:30 AM,08:03,9:38 AM,0.78,100.00,0.65,,Unchecked,Unchecked
4065,4,60,1,5/17/2017,Parlor1,1,2,1,8,,5/17/2017 1:01 PM,05:53,1:06 PM,1.72,226.00,0.23,,Unchecked,Unchecked
4573,4,55,1,5/17/2017,Parlor1,1,2,1,7,,5/17/2017 1:00 PM,05:45,1:06 PM,2.42,163.00,0.95,,Unchecked,Unchecked
4550,4,56,1,5/17/2017,Parlor1,1,2,1,6,,5/17/2017 1:00 PM,09:44,1:10 PM,7.24,201.00,0.00,,Unchecked,Unchecked
4587,4,60,1,5/17/2017,Parlor1,1,2,1,5,,5/17/2017 1:00 PM,08:29,1:08 PM,4.81,137.00,0.85,,Unchecked,Unchecked
5407,4,56,1,5/17/2017,Parlor1,1,2,2,3,,5/17/2017 12:59 PM,07:07,1:06 PM,4.10,108.00,1.18,,Unchecked,Unchecked
4546,4,57,1,5/17/2017,Parlor1,1,2,2,4,,5/17/2017 1:00 PM,11:03,1:11 PM,5.10,150.00,0.70,,Unchecked,Unchecked
4548,4,57,1,5/17/2017,Parlor1,1,2,2,2,,5/17/2017 12:59 PM,11:53,1:11 PM,6.64,188.00,2.10,,Unchecked,Unchecked
4581,4,57,1,5/17/2017,Parlor1,1,2,2,1,,5/17/2017 12:59 PM,18:29,1:17 PM,4.70,158.00,0.95,,Unchecked,Unchecked
4560,3,54,1,5/17/2017,Parlor1,1,2,3,8,,5/17/2017 1:15 PM,05:54,1:21 PM,3.19,79.00,0.00,,Checked,Unchecked
4535,3,52,1,5/17/2017,Parlor1,1,2,3,7,,5/17/2017 1:15 PM,03:25,1:18 PM,2.54,117.00,1.18,,Unchecked,Unchecked
5403,3,53,1,5/17/2017,Parlor1,1,2,3,6,,5/17/2017 1:15 PM,02:38,1:17 PM,3.47,132.00,3.34,,Unchecked,Unchecked
4583,4,58,1,5/17/2017,Parlor1,1,2,3,5,,5/17/2017 1:14 PM,04:27,1:19 PM,4.75,158.00,2.60,,Unchecked,Unchecked
5402,2,51,1,5/17/2017,Parlor1,1,2,4,3,,5/17/2017 1:24 PM,02:35,1:27 PM,2.95,186.00,2.80,,Unchecked,Unchecked
4525,3,52,1,5/17/2017,Parlor1,1,2,4,4,,5/17/2017 1:23 PM,04:27,1:28 PM,3.89,139.00,2.00,,Unchecked,Unchecked
5409,3,53,1,5/17/2017,Parlor1,1,2,4,2,,5/17/2017 1:25 PM,04:49,1:30 PM,4.66,154.00,0.03,,Unchecked,Unchecked
4551,3,52,1,5/17/2017,Parlor1,1,2,4,1,,5/17/2017 1:25 PM,03:51,1:28 PM,3.98,117.00,2.50,,Unchecked,Unchecked
4585,2,50,1,5/17/2017,Parlor1,1,2,5,8,,5/17/2017 1:35 PM,02:21,1:37 PM,3.47,148.00,3.35,,Unchecked,Unchecked
4536,2,51,1,5/17/2017,Parlor1,1,2,5,7,,5/17/2017 1:35 PM,03:50,1:39 PM,4.10,163.00,1.80,,Unchecked,Unchecked
4066,3,55,1,5/17/2017,Parlor1,1,2,5,6,,5/17/2017 1:35 PM,06:28,1:41 PM,5.06,130.00,1.43,,Unchecked,Unchecked
4586,2,55,1,5/17/2017,Parlor1,1,2,5,5,,5/17/2017 1:35 PM,07:05,1:42 PM,1.81,93.00,0.88,,Unchecked,Unchecked
4545,2,47,1,5/17/2017,Parlor1,1,2,6,3,,5/17/2017 1:40 PM,06:17,1:47 PM,4.28,186.00,2.63,,Unchecked,Unchecked
4575,2,48,1,5/17/2017,Parlor1,1,2,6,4,,5/17/2017 1:41 PM,08:13,1:50 PM,3.22,150.00,1.85,,Unchecked,Unchecked
4537,2,48,1,5/17/2017,Parlor1,1,2,6,2,,5/17/2017 1:41 PM,13:55,1:55 PM,3.63,200.00,1.95,,Unchecked,Unchecked
4577,2,48,1,5/17/2017,Parlor1,1,2,6,1,,5/17/2017 1:42 PM,06:50,1:48 PM,2.38,171.00,1.10,,Unchecked,Unchecked
4528,2,45,1,5/17/2017,Parlor1,1,2,0,5,,5/17/2017 1:47 PM,01:36,1:49 PM,0.75,0.00,0.83,,Unchecked,Unchecked
4582,3,52,1,5/17/2017,Parlor1,1,2,0,6,,5/17/2017 1:47 PM,02:36,1:50 PM,5.51,0.00,1.73,,Unchecked,Unchecked
5408,5,44,1,5/17/2017,Parlor1,1,2,0,7,,5/17/2017 1:47 PM,01:37,1:49 PM,3.33,0.00,0.93,,Unchecked,Unchecked
4065,4,60,1,5/17/2017,Parlor1,1,3,3,8,,5/17/2017 3:39 PM,01:36,3:40 PM,0.00,0.00,0.00,,Checked,Unchecked
5407,4,56,1,5/17/2017,Parlor1,1,3,2,3,,5/17/2017 3:39 PM,03:17,3:43 PM,2.14,92.00,1.30,,Unchecked,Unchecked
4587,4,60,1,5/17/2017,Parlor1,1,3,3,7,,5/17/2017 3:40 PM,08:03,3:48 PM,6.08,200.00,1.20,,Unchecked,Unchecked
4573,4,55,1,5/17/2017,Parlor1,1,3,2,2,,5/17/2017 3:39 PM,05:38,3:45 PM,0.44,52.00,0.35,,Checked,Unchecked
4550,4,56,1,5/17/2017,Parlor1,1,3,2,1,,5/17/2017 3:41 PM,05:01,3:46 PM,3.17,153.00,0.90,,Unchecked,Unchecked
4546,4,57,1,5/17/2017,Parlor1,1,3,3,6,,5/17/2017 3:44 PM,13:30,3:58 PM,3.14,161.00,1.30,,Unchecked,Unchecked
4581,4,57,1,5/17/2017,Parlor1,1,3,3,5,,5/17/2017 3:44 PM,12:43,3:56 PM,2.64,154.00,0.80,,Unchecked,Unchecked
4535,3,52,1,5/17/2017,Parlor1,1,3,4,3,,5/17/2017 3:56 PM,03:16,3:59 PM,2.99,241.00,1.88,,Unchecked,Unchecked
4066,3,55,1,5/17/2017,Parlor1,1,3,4,4,,5/17/2017 3:56 PM,04:32,4:00 PM,2.02,104.00,0.48,,Unchecked,Unchecked
5403,3,53,1,5/17/2017,Parlor1,1,3,4,2,,5/17/2017 3:56 PM,01:58,3:58 PM,2.27,151.00,2.28,,Unchecked,Unchecked
4548,4,57,1,5/17/2017,Parlor1,1,3,4,1,,5/17/2017 3:55 PM,04:26,4:00 PM,3.29,147.00,1.55,,Unchecked,Unchecked
5409,3,53,1,5/17/2017,Parlor1,1,3,5,8,,5/17/2017 4:06 PM,03:48,4:10 PM,2.09,116.00,0.00,,Unchecked,Unchecked
5402,2,51,1,5/17/2017,Parlor1,1,3,5,7,,5/17/2017 4:05 PM,04:55,4:10 PM,0.83,87.00,0.50,,Unchecked,Unchecked
4525,3,52,1,5/17/2017,Parlor1,1,3,5,6,,5/17/2017 4:04 PM,02:57,4:07 PM,2.01,128.00,1.68,,Unchecked,Unchecked
4551,3,52,1,5/17/2017,Parlor1,1,3,5,5,,5/17/2017 4:04 PM,03:15,4:07 PM,2.31,108.00,1.73,,Unchecked,Unchecked
4537,2,48,1,5/17/2017,Parlor1,1,3,6,3,,5/17/2017 4:14 PM,10:43,4:25 PM,1.64,241.00,0.98,,Unchecked,Unchecked
4577,2,48,1,5/17/2017,Parlor1,1,3,6,4,,5/17/2017 4:14 PM,02:41,4:17 PM,1.04,135.00,0.83,,Unchecked,Unchecked
4560,3,54,1,5/17/2017,Parlor1,1,3,6,2,,5/17/2017 4:13 PM,04:44,4:18 PM,3.98,145.00,1.48,,Unchecked,Unchecked
4586,2,55,1,5/17/2017,Parlor1,1,3,6,1,,5/17/2017 4:13 PM,02:41,4:15 PM,0.85,66.00,0.63,,Checked,Unchecked
4585,2,50,1,5/17/2017,Parlor1,1,3,7,8,,5/17/2017 4:21 PM,01:50,4:23 PM,2.34,156.00,2.38,,Unchecked,Unchecked
4575,2,48,1,5/17/2017,Parlor1,1,3,7,7,,5/17/2017 4:19 PM,03:25,4:23 PM,1.24,100.00,8.09,,Unchecked,Unchecked
4545,2,47,1,5/17/2017,Parlor1,1,3,7,6,,5/17/2017 4:19 PM,03:24,4:22 PM,1.64,122.00,0.63,,Unchecked,Unchecked
4582,3,52,1,5/17/2017,Parlor1,1,3,7,5,,5/17/2017 4:19 PM,02:36,4:21 PM,1.87,39.00,1.53,,Checked,Unchecked
4536,2,51,1,5/17/2017,Parlor1,1,3,8,3,,5/17/2017 4:29 PM,03:15,4:32 PM,2.61,146.00,1.73,,Unchecked,Unchecked
5408,5,44,1,5/17/2017,Parlor1,1,3,8,4,,5/17/2017 4:34 PM,01:37,4:35 PM,0.47,100.00,0.55,,Unchecked,Unchecked
4528,2,45,1,5/17/2017,Parlor1,1,3,8,2,,5/17/2017 4:33 PM,01:36,4:35 PM,0.48,73.00,0.48,,Checked,Unchecked
4548,4,57,1,5/18/2017,Parlor1,1,1,1,3,,5/18/2017 8:23 AM,13:53,8:37 AM,15.58,127.00,2.10,,Unchecked,Unchecked
4573,4,55,1,5/18/2017,Parlor1,1,1,1,4,,5/18/2017 8:23 AM,06:24,8:30 AM,3.35,70.00,0.75,,Checked,Unchecked
5407,4,56,1,5/18/2017,Parlor1,1,1,1,2,,5/18/2017 8:23 AM,11:23,8:34 AM,10.26,72.00,1.15,,Checked,Unchecked
4587,4,60,1,5/18/2017,Parlor1,1,1,1,1,,5/18/2017 8:22 AM,11:23,8:34 AM,10.47,88.00,1.08,,Unchecked,Unchecked
4065,4,60,1,5/18/2017,Parlor1,1,1,2,8,,5/18/2017 8:28 AM,04:34,8:33 AM,1.09,41.00,0.05,,Checked,Unchecked
4546,4,57,1,5/18/2017,Parlor1,1,1,2,7,,5/18/2017 8:27 AM,08:42,8:36 AM,9.72,83.00,1.60,,Unchecked,Unchecked
4581,4,57,1,5/18/2017,Parlor1,1,1,2,6,,5/18/2017 8:27 AM,14:23,8:41 AM,10.51,98.00,0.80,,Unchecked,Unchecked
4583,4,58,1,5/18/2017,Parlor1,1,1,2,5,,5/18/2017 8:27 AM,08:00,8:35 AM,10.34,107.00,2.68,,Unchecked,Unchecked
4535,3,52,1,5/18/2017,Parlor1,1,1,3,3,,5/18/2017 8:43 AM,04:59,8:48 AM,4.98,68.00,1.93,,Checked,Unchecked
4066,3,55,1,5/18/2017,Parlor1,1,1,3,4,,5/18/2017 8:44 AM,12:58,8:57 AM,10.86,79.00,0.88,,Checked,Unchecked
4551,3,52,1,5/18/2017,Parlor1,1,1,3,2,,5/18/2017 8:43 AM,09:07,8:52 AM,13.06,105.00,2.78,,Unchecked,Unchecked
4550,4,56,1,5/18/2017,Parlor1,1,1,3,1,,5/18/2017 8:43 AM,12:42,8:55 AM,12.99,101.00,1.13,,Unchecked,Unchecked
5402,2,51,1,5/18/2017,Parlor1,1,1,4,8,,5/18/2017 8:49 AM,02:16,8:51 AM,2.78,52.00,2.68,,Checked,Unchecked
4560,3,54,1,5/18/2017,Parlor1,1,1,4,7,,5/18/2017 8:48 AM,13:32,9:01 AM,15.40,106.00,1.48,,Unchecked,Unchecked
4525,3,52,1,5/18/2017,Parlor1,1,1,4,6,,5/18/2017 8:48 AM,10:02,8:58 AM,9.22,97.00,2.20,,Unchecked,Unchecked
5403,3,53,1,5/18/2017,Parlor1,1,1,4,5,,5/18/2017 8:47 AM,06:20,8:54 AM,12.28,132.00,4.08,,Unchecked,Unchecked
4582,3,52,1,5/18/2017,Parlor1,1,1,5,3,,5/18/2017 9:07 AM,08:24,9:16 AM,14.06,122.00,2.45,,Unchecked,Unchecked
4545,2,47,1,5/18/2017,Parlor1,1,1,5,4,,5/18/2017 9:08 AM,08:55,9:17 AM,12.25,140.00,1.73,,Unchecked,Unchecked
4586,2,55,1,5/18/2017,Parlor1,1,1,5,2,,5/18/2017 9:03 AM,08:53,9:12 AM,6.83,92.00,0.98,,Unchecked,Unchecked
5409,3,53,1,5/18/2017,Parlor1,1,1,5,1,,5/18/2017 9:03 AM,06:49,9:09 AM,12.36,111.00,2.73,,Unchecked,Unchecked
4577,2,48,1,5/18/2017,Parlor1,1,1,6,8,,5/18/2017 9:15 AM,08:59,9:24 AM,4.27,87.00,0.83,,Unchecked,Unchecked
4536,2,51,1,5/18/2017,Parlor1,1,1,6,7,,5/18/2017 9:14 AM,07:51,9:22 AM,11.49,94.00,2.70,,Unchecked,Unchecked
4537,2,48,1,5/18/2017,Parlor1,1,1,6,6,,5/18/2017 9:14 AM,13:32,9:27 AM,5.79,105.00,0.88,,Unchecked,Unchecked
4575,2,48,1,5/18/2017,Parlor1,1,1,6,5,,5/18/2017 9:13 AM,08:57,9:22 AM,9.57,120.00,1.75,,Unchecked,Unchecked
4585,2,50,1,5/18/2017,Parlor1,1,1,7,3,,5/18/2017 9:25 AM,05:42,9:30 AM,12.38,117.00,5.40,,Unchecked,Unchecked
5408,5,44,1,5/18/2017,Parlor1,1,1,7,4,,5/18/2017 9:24 AM,01:48,9:26 AM,0.83,27.00,0.80,,Checked,Unchecked
4528,2,45,1,5/18/2017,Parlor1,1,1,7,2,,5/18/2017 9:24 AM,02:41,9:27 AM,1.67,78.00,1.35,,Checked,Unchecked
4065,4,60,1,5/18/2017,Parlor1,1,2,1,8,,5/18/2017 12:52 PM,01:37,12:54 PM,0.71,95.00,0.73,,Unchecked,Unchecked
5407,4,56,1,5/18/2017,Parlor1,1,2,1,7,,5/18/2017 12:52 PM,07:28,12:59 PM,6.20,153.00,0.95,,Unchecked,Unchecked
4581,4,57,1,5/18/2017,Parlor1,1,2,1,6,,5/18/2017 12:51 PM,13:39,1:04 PM,9.23,200.00,0.00,,Unchecked,Unchecked
4587,4,60,1,5/18/2017,Parlor1,1,2,1,5,,5/18/2017 12:51 PM,17:13,1:08 PM,1.95,57.00,1.10,,Checked,Unchecked
5409,3,53,1,5/18/2017,Parlor1,1,2,2,8,,5/18/2017 1:20 PM,03:12,1:23 PM,4.20,141.00,2.83,,Unchecked,Unchecked
4560,3,54,1,5/18/2017,Parlor1,1,2,2,7,,5/18/2017 1:19 PM,05:20,1:24 PM,4.72,114.00,1.20,,Unchecked,Unchecked
5403,3,53,1,5/18/2017,Parlor1,1,2,2,6,,5/18/2017 1:19 PM,03:52,1:23 PM,3.73,141.00,2.20,,Unchecked,Unchecked
5402,2,51,1,5/18/2017,Parlor1,1,2,2,5,,5/18/2017 1:18 PM,02:42,1:21 PM,3.10,205.00,2.80,,Unchecked,Unchecked
4528,2,45,1,5/18/2017,Parlor1,1,2,3,3,,5/18/2017 1:23 PM,04:05,1:28 PM,1.11,205.00,0.00,,Unchecked,Unchecked
4577,2,48,1,5/18/2017,Parlor1,1,2,3,4,,5/18/2017 1:24 PM,06:38,1:30 PM,2.09,164.00,0.00,,Unchecked,Unchecked
4066,3,55,1,5/18/2017,Parlor1,1,2,3,2,,5/18/2017 1:23 PM,08:30,1:31 PM,4.14,102.00,0.00,,Unchecked,Unchecked
4586,2,55,1,5/18/2017,Parlor1,1,2,3,1,,5/18/2017 1:23 PM,07:53,1:31 PM,1.92,94.00,0.00,,Unchecked,Unchecked
4537,2,48,1,5/18/2017,Parlor1,1,2,4,8,,5/18/2017 1:35 PM,10:59,1:46 PM,2.21,148.00,0.03,,Unchecked,Unchecked
4536,2,51,1,5/18/2017,Parlor1,1,2,4,7,,5/18/2017 1:35 PM,04:40,1:39 PM,5.49,165.00,2.05,,Unchecked,Unchecked
4585,2,50,1,5/18/2017,Parlor1,1,2,4,6,,5/18/2017 1:34 PM,02:34,1:36 PM,3.60,131.00,3.39,,Unchecked,Unchecked
4575,2,48,1,5/18/2017,Parlor1,1,2,4,5,,5/18/2017 1:33 PM,05:01,1:38 PM,3.30,151.00,0.03,,Unchecked,Unchecked
5408,5,44,1,5/18/2017,Parlor1,1,2,5,3,,5/18/2017 1:50 PM,02:00,1:52 PM,1.25,152.00,1.28,,Unchecked,Unchecked
4545,2,47,1,5/18/2017,Parlor1,1,2,5,2,,5/18/2017 1:45 PM,04:18,1:49 PM,4.27,167.00,1.55,,Unchecked,Unchecked
4582,3,52,1,5/18/2017,Parlor1,1,2,5,1,,5/18/2017 1:44 PM,06:30,1:51 PM,4.33,128.00,0.13,,Unchecked,Unchecked
4548,4,57,1,5/18/2017,Parlor1,1,2,0,1,,5/18/2017 12:45 PM,04:26,12:49 PM,6.33,0.00,1.60,,Unchecked,Unchecked
4550,4,56,1,5/18/2017,Parlor1,1,2,0,2,,5/18/2017 12:45 PM,06:26,12:52 PM,6.50,0.00,0.95,,Unchecked,Unchecked
4573,4,55,1,5/18/2017,Parlor1,1,2,0,3,,5/18/2017 12:46 PM,06:23,12:52 PM,2.44,0.00,0.80,,Unchecked,Unchecked
4583,4,58,1,5/18/2017,Parlor1,1,2,0,4,,5/18/2017 12:46 PM,06:49,12:53 PM,7.08,0.00,2.23,,Unchecked,Unchecked
5407,4,56,1,5/18/2017,Parlor1,1,3,1,3,,5/18/2017 3:42 PM,04:13,3:46 PM,3.21,128.00,1.28,,Unchecked,Unchecked
4587,4,60,1,5/18/2017,Parlor1,1,3,1,4,,5/18/2017 3:42 PM,07:51,3:50 PM,2.42,116.00,0.65,,Unchecked,Unchecked
4065,4,60,1,5/18/2017,Parlor1,1,3,1,2,,5/18/2017 3:41 PM,07:15,3:49 PM,2.51,200.00,0.45,,Unchecked,Unchecked
4550,4,56,1,5/18/2017,Parlor1,1,3,1,1,,5/18/2017 3:41 PM,05:03,3:46 PM,2.72,117.00,0.50,,Unchecked,Unchecked
4573,4,55,1,5/18/2017,Parlor1,1,3,2,8,,5/18/2017 3:43 PM,01:37,3:45 PM,0.24,27.00,0.25,,Checked,Unchecked
4546,4,57,1,5/18/2017,Parlor1,1,3,2,7,,5/18/2017 3:43 PM,04:51,3:48 PM,3.78,70.00,1.20,,Checked,Unchecked
4581,4,57,1,5/18/2017,Parlor1,1,3,2,6,,5/18/2017 3:43 PM,19:57,4:03 PM,4.88,200.00,0.70,,Unchecked,Unchecked
4548,4,57,1,5/18/2017,Parlor1,1,3,2,5,,5/18/2017 3:43 PM,08:12,3:51 PM,3.14,138.00,0.05,,Unchecked,Unchecked
5403,3,53,1,5/18/2017,Parlor1,1,3,3,3,,5/18/2017 4:00 PM,02:25,4:02 PM,2.47,156.00,2.38,,Unchecked,Unchecked
4066,3,55,1,5/18/2017,Parlor1,1,3,3,4,,5/18/2017 4:00 PM,04:48,4:05 PM,2.21,97.00,0.88,,Unchecked,Unchecked
4551,3,52,1,5/18/2017,Parlor1,1,3,3,2,,5/18/2017 3:59 PM,03:09,4:02 PM,2.69,46.00,1.80,,Checked,Unchecked
4583,4,58,1,5/18/2017,Parlor1,1,3,3,1,,5/18/2017 3:59 PM,03:04,4:02 PM,2.01,106.00,1.60,,Unchecked,Unchecked
5409,3,53,1,5/18/2017,Parlor1,1,3,4,8,,5/18/2017 4:12 PM,02:19,4:14 PM,2.23,112.00,2.18,,Unchecked,Unchecked
4535,3,52,1,5/18/2017,Parlor1,1,3,4,7,,5/18/2017 4:10 PM,05:55,4:16 PM,1.24,35.00,0.28,,Checked,Unchecked
4560,3,54,1,5/18/2017,Parlor1,1,3,4,6,,5/18/2017 4:09 PM,03:55,4:13 PM,2.56,97.00,0.90,,Unchecked,Unchecked
5402,2,51,1,5/18/2017,Parlor1,1,3,4,5,,5/18/2017 4:09 PM,01:37,4:11 PM,1.22,125.00,1.20,,Unchecked,Unchecked
4528,2,45,1,5/18/2017,Parlor1,1,3,5,3,,5/18/2017 4:18 PM,01:37,4:19 PM,0.65,166.00,0.60,,Unchecked,Unchecked
4577,2,48,1,5/18/2017,Parlor1,1,3,5,4,,5/18/2017 4:18 PM,10:00,4:28 PM,2.20,247.00,0.88,,Unchecked,Unchecked
4525,3,52,1,5/18/2017,Parlor1,1,3,5,2,,5/18/2017 4:17 PM,07:10,4:25 PM,2.43,53.00,1.35,,Checked,Unchecked
4586,2,55,1,5/18/2017,Parlor1,1,3,5,1,,5/18/2017 4:17 PM,02:39,4:20 PM,1.16,85.00,0.90,,Unchecked,Unchecked
5408,5,44,1,5/18/2017,Parlor1,1,3,6,3,,5/18/2017 4:43 PM,04:33,4:47 PM,3.79,200.00,1.13,,Unchecked,Unchecked
4536,2,51,1,5/18/2017,Parlor1,1,3,6,2,,5/18/2017 4:37 PM,06:27,4:43 PM,2.53,109.00,0.45,,Unchecked,Unchecked
4537,2,48,1,5/18/2017,Parlor1,1,3,6,1,,5/18/2017 4:36 PM,13:25,4:49 PM,1.90,182.00,0.03,,Unchecked,Unchecked
4545,2,47,1,5/18/2017,Parlor1,1,3,0,5,,5/18/2017 4:26 PM,08:44,4:34 PM,0.00,0.00,1.08,,Unchecked,Unchecked
4585,2,50,1,5/18/2017,Parlor1,1,3,0,6,,5/18/2017 4:26 PM,11:20,4:37 PM,0.00,0.00,2.43,,Unchecked,Unchecked
4575,2,48,1,5/18/2017,Parlor1,1,3,0,7,,5/18/2017 4:26 PM,03:05,4:29 PM,0.00,0.00,1.53,,Unchecked,Unchecked
4582,3,52,1,5/18/2017,Parlor1,1,3,0,8,,5/18/2017 4:27 PM,04:03,4:31 PM,0.00,0.00,1.98,,Unchecked,Unchecked
4587,4,60,1,5/19/2017,Parlor1,1,1,1,3,,5/19/2017 8:19 AM,09:34,8:28 AM,5.67,49.00,0.90,,Checked,Unchecked
5407,4,56,1,5/19/2017,Parlor1,1,1,1,4,,5/19/2017 8:19 AM,10:55,8:30 AM,9.87,68.00,0.85,,Checked,Unchecked
4548,4,57,1,5/19/2017,Parlor1,1,1,1,2,,5/19/2017 8:18 AM,13:19,8:32 AM,14.73,117.00,1.93,,Unchecked,Unchecked
4583,4,58,1,5/19/2017,Parlor1,1,1,1,1,,5/19/2017 8:18 AM,09:04,8:27 AM,11.53,111.00,2.68,,Unchecked,Unchecked
4573,4,55,1,5/19/2017,Parlor1,1,1,2,8,,5/19/2017 8:23 AM,06:47,8:30 AM,2.68,60.00,0.00,,Checked,Unchecked
4550,4,56,1,5/19/2017,Parlor1,1,1,3,6,,5/19/2017 8:50 AM,20:07,9:10 AM,15.18,231.00,1.40,,Unchecked,Unchecked
4546,4,57,1,5/19/2017,Parlor1,1,1,2,6,,5/19/2017 8:22 AM,13:15,8:35 AM,12.92,104.00,1.45,,Unchecked,Unchecked
4581,4,57,1,5/19/2017,Parlor1,1,1,2,5,,5/19/2017 8:22 AM,22:38,8:44 AM,16.36,136.00,0.80,,Unchecked,Unchecked
4551,3,52,1,5/19/2017,Parlor1,1,1,4,3,,5/19/2017 8:39 AM,09:01,8:48 AM,13.32,107.00,2.98,,Unchecked,Unchecked
4535,3,52,1,5/19/2017,Parlor1,1,1,4,4,,5/19/2017 8:39 AM,06:50,8:46 AM,6.57,87.00,1.50,,Unchecked,Unchecked
4066,3,55,1,5/19/2017,Parlor1,1,1,4,2,,5/19/2017 8:39 AM,12:17,8:51 AM,9.89,75.00,0.90,,Checked,Unchecked
4065,4,60,1,5/19/2017,Parlor1,1,1,4,1,,5/19/2017 8:39 AM,01:37,8:40 AM,1.05,37.00,1.10,,Checked,Unchecked
4525,3,52,1,5/19/2017,Parlor1,1,1,3,8,,5/19/2017 8:58 AM,11:45,9:10 AM,10.42,101.00,1.73,,Unchecked,Unchecked
5402,2,51,1,5/19/2017,Parlor1,1,1,3,7,,5/19/2017 8:57 AM,03:26,9:01 AM,3.00,57.00,2.20,,Checked,Unchecked
5403,3,53,1,5/19/2017,Parlor1,1,1,3,5,,5/19/2017 8:49 AM,06:24,8:56 AM,12.27,126.00,3.83,,Unchecked,Unchecked
4582,3,52,1,5/19/2017,Parlor1,1,1,5,3,,5/19/2017 9:00 AM,08:28,9:08 AM,13.34,110.00,2.40,,Unchecked,Unchecked
4537,2,48,1,5/19/2017,Parlor1,1,1,5,4,,5/19/2017 9:00 AM,05:49,9:06 AM,7.35,130.00,3.73,,Unchecked,Unchecked
5409,3,53,1,5/19/2017,Parlor1,1,1,5,2,,5/19/2017 8:56 AM,06:51,9:02 AM,12.05,106.00,2.55,,Unchecked,Unchecked
4586,2,55,1,5/19/2017,Parlor1,1,1,5,1,,5/19/2017 8:55 AM,08:09,9:03 AM,7.38,102.00,1.78,,Unchecked,Unchecked
4577,2,48,1,5/19/2017,Parlor1,1,1,6,3,,5/19/2017 9:18 AM,10:37,9:28 AM,5.36,107.00,0.95,,Unchecked,Unchecked
4585,2,50,1,5/19/2017,Parlor1,1,1,6,4,,5/19/2017 9:18 AM,05:58,9:24 AM,12.91,115.00,4.98,,Unchecked,Unchecked
4545,2,47,1,5/19/2017,Parlor1,1,1,6,2,,5/19/2017 9:18 AM,08:13,9:26 AM,12.05,130.00,2.40,,Unchecked,Unchecked
4528,2,45,1,5/19/2017,Parlor1,1,1,6,1,,5/19/2017 9:17 AM,02:17,9:20 AM,1.84,84.00,1.83,,Unchecked,Unchecked
4575,2,48,1,5/19/2017,Parlor1,1,1,7,7,,5/19/2017 9:24 AM,12:19,9:36 AM,10.90,128.00,1.33,,Unchecked,Unchecked
5408,5,44,1,5/19/2017,Parlor1,1,1,7,6,,5/19/2017 9:23 AM,04:46,9:28 AM,6.23,168.00,2.23,,Unchecked,Unchecked
4536,2,51,1,5/19/2017,Parlor1,1,1,7,5,,5/19/2017 9:23 AM,08:09,9:31 AM,11.53,94.00,2.83,,Unchecked,Unchecked
4548,4,57,1,5/19/2017,Parlor1,1,2,1,3,,5/19/2017 12:55 PM,07:08,1:02 PM,6.73,181.00,1.95,,Unchecked,Unchecked
4583,4,58,1,5/19/2017,Parlor1,1,2,1,4,,5/19/2017 12:56 PM,08:23,1:04 PM,4.31,140.00,0.00,,Unchecked,Unchecked
5407,4,56,1,5/19/2017,Parlor1,1,2,1,2,,5/19/2017 12:55 PM,08:04,1:03 PM,7.05,167.00,1.25,,Unchecked,Unchecked
4573,4,55,1,5/19/2017,Parlor1,1,2,1,1,,5/19/2017 12:55 PM,04:25,12:59 PM,2.09,163.00,0.80,,Unchecked,Unchecked
4546,4,57,1,5/19/2017,Parlor1,1,2,2,8,,5/19/2017 1:02 PM,06:39,1:09 PM,5.11,142.00,0.00,,Unchecked,Unchecked
4065,4,60,1,5/19/2017,Parlor1,1,2,2,7,,5/19/2017 1:02 PM,04:18,1:06 PM,2.80,200.00,0.38,,Unchecked,Unchecked
4550,4,56,1,5/19/2017,Parlor1,1,2,2,6,,5/19/2017 1:01 PM,08:12,1:09 PM,5.78,174.00,0.75,,Unchecked,Unchecked
4581,4,57,1,5/19/2017,Parlor1,1,2,2,5,,5/19/2017 1:01 PM,12:19,1:13 PM,4.96,142.00,0.80,,Unchecked,Unchecked
5409,3,53,1,5/19/2017,Parlor1,1,2,3,3,,5/19/2017 1:11 PM,03:23,1:15 PM,4.06,134.00,2.28,,Unchecked,Unchecked
4586,2,55,1,5/19/2017,Parlor1,1,2,3,4,,5/19/2017 1:12 PM,03:24,1:15 PM,2.04,105.00,1.23,,Unchecked,Unchecked
5402,2,51,1,5/19/2017,Parlor1,1,2,3,2,,5/19/2017 1:11 PM,02:21,1:13 PM,2.20,157.00,2.18,,Unchecked,Unchecked
4551,3,52,1,5/19/2017,Parlor1,1,2,3,1,,5/19/2017 1:11 PM,04:57,1:15 PM,5.33,149.00,2.80,,Unchecked,Unchecked
4560,3,54,1,5/19/2017,Parlor1,1,2,4,8,,5/19/2017 1:18 PM,05:55,1:24 PM,4.79,29.00,0.95,,Checked,Unchecked
4535,3,52,1,5/19/2017,Parlor1,1,2,4,7,,5/19/2017 1:18 PM,06:46,1:24 PM,2.14,95.00,0.53,,Unchecked,Unchecked
4525,3,52,1,5/19/2017,Parlor1,1,2,4,6,,5/19/2017 1:17 PM,04:07,1:21 PM,3.02,106.00,1.28,,Unchecked,Unchecked
5403,3,53,1,5/19/2017,Parlor1,1,2,4,5,,5/19/2017 1:17 PM,03:20,1:20 PM,3.79,136.00,2.70,,Unchecked,Unchecked
4066,3,55,1,5/19/2017,Parlor1,1,2,5,1,,5/19/2017 1:23 PM,07:35,1:30 PM,5.21,130.00,1.05,,Unchecked,Unchecked
4537,2,48,1,5/19/2017,Parlor1,1,2,6,8,,5/19/2017 1:34 PM,03:50,1:38 PM,3.56,215.00,2.65,,Unchecked,Unchecked
4536,2,51,1,5/19/2017,Parlor1,1,2,6,7,,5/19/2017 1:34 PM,04:23,1:39 PM,5.40,166.00,2.80,,Unchecked,Unchecked
4528,2,45,1,5/19/2017,Parlor1,1,2,6,6,,5/19/2017 1:34 PM,04:56,1:39 PM,0.90,152.00,0.88,,Unchecked,Unchecked
4545,2,47,1,5/19/2017,Parlor1,1,2,6,5,,5/19/2017 1:34 PM,04:21,1:38 PM,4.56,193.00,1.95,,Unchecked,Unchecked
4575,2,48,1,5/19/2017,Parlor1,1,2,7,3,,5/19/2017 1:40 PM,09:47,1:50 PM,2.94,136.00,1.05,,Unchecked,Unchecked
4585,2,50,1,5/19/2017,Parlor1,1,2,7,4,,5/19/2017 1:41 PM,02:43,1:44 PM,3.88,133.00,3.60,,Unchecked,Unchecked
4582,3,52,1,5/19/2017,Parlor1,1,2,7,2,,5/19/2017 1:39 PM,04:31,1:44 PM,4.71,138.00,1.10,,Unchecked,Unchecked
4577,2,48,1,5/19/2017,Parlor1,1,2,7,1,,5/19/2017 1:39 PM,03:36,1:43 PM,2.03,147.00,1.08,,Unchecked,Unchecked
5408,5,44,1,5/19/2017,Parlor1,1,2,8,6,,5/19/2017 1:46 PM,03:08,1:49 PM,2.60,252.00,1.73,,Unchecked,Unchecked
4587,4,60,1,5/19/2017,Parlor1,1,2,8,5,,5/19/2017 1:48 PM,07:04,1:55 PM,2.02,50.00,0.60,,Checked,Unchecked
4573,4,55,1,5/19/2017,Parlor1,1,3,1,3,,5/19/2017 3:45 PM,03:06,3:48 PM,1.07,133.00,0.85,,Unchecked,Unchecked
4548,4,57,1,5/19/2017,Parlor1,1,3,1,4,,5/19/2017 3:45 PM,05:40,3:51 PM,3.15,138.00,1.00,,Unchecked,Unchecked
4583,4,58,1,5/19/2017,Parlor1,1,3,1,2,,5/19/2017 3:45 PM,04:55,3:50 PM,2.78,148.00,1.40,,Unchecked,Unchecked
5407,4,56,1,5/19/2017,Parlor1,1,3,1,1,,5/19/2017 3:45 PM,05:06,3:50 PM,3.51,135.00,1.25,,Unchecked,Unchecked
4525,3,52,1,5/19/2017,Parlor1,1,3,4,8,,5/19/2017 4:04 PM,04:42,4:09 PM,2.38,45.00,0.03,,Checked,Unchecked
4560,3,54,1,5/19/2017,Parlor1,1,3,4,7,,5/19/2017 3:52 PM,06:35,3:59 PM,2.26,29.00,0.28,,Checked,Unchecked
4586,2,55,1,5/19/2017,Parlor1,1,3,4,6,,5/19/2017 3:52 PM,03:20,3:55 PM,1.41,38.00,1.08,,Checked,Unchecked
5409,3,53,1,5/19/2017,Parlor1,1,3,4,5,,5/19/2017 3:52 PM,02:36,3:55 PM,2.32,40.00,2.25,,Checked,Unchecked
5402,2,51,1,5/19/2017,Parlor1,1,3,3,3,,5/19/2017 3:58 PM,02:02,4:00 PM,0.94,96.00,0.98,,Unchecked,Unchecked
5403,3,53,1,5/19/2017,Parlor1,1,3,3,4,,5/19/2017 3:59 PM,02:58,4:02 PM,2.31,132.00,1.98,,Unchecked,Unchecked
4535,3,52,1,5/19/2017,Parlor1,1,3,3,2,,5/19/2017 3:58 PM,06:41,4:04 PM,2.24,165.00,0.43,,Unchecked,Unchecked
4577,2,48,1,5/19/2017,Parlor1,1,3,5,3,,5/19/2017 4:15 PM,07:14,4:22 PM,1.34,163.00,0.88,,Unchecked,Unchecked
4582,3,52,1,5/19/2017,Parlor1,1,3,5,4,,5/19/2017 4:15 PM,08:44,4:24 PM,2.53,133.00,1.63,,Unchecked,Unchecked
4528,2,45,1,5/19/2017,Parlor1,1,3,5,2,,5/19/2017 4:14 PM,01:39,4:16 PM,0.79,213.00,0.78,,Unchecked,Unchecked
4066,3,55,1,5/19/2017,Parlor1,1,3,5,1,,5/19/2017 4:14 PM,05:17,4:19 PM,2.28,95.00,0.58,,Unchecked,Unchecked
4585,2,50,1,5/19/2017,Parlor1,1,3,6,8,,5/19/2017 4:24 PM,02:37,4:27 PM,2.40,132.00,2.28,,Unchecked,Unchecked
4575,2,48,1,5/19/2017,Parlor1,1,3,6,7,,5/19/2017 4:23 PM,07:24,4:31 PM,1.98,143.00,0.03,,Unchecked,Unchecked
4536,2,51,1,5/19/2017,Parlor1,1,3,6,6,,5/19/2017 4:23 PM,04:38,4:28 PM,2.71,123.00,1.70,,Unchecked,Unchecked
4537,2,48,1,5/19/2017,Parlor1,1,3,6,5,,5/19/2017 4:22 PM,07:39,4:30 PM,1.71,167.00,1.25,,Unchecked,Unchecked
4587,4,60,1,5/19/2017,Parlor1,1,3,7,3,,5/19/2017 4:33 PM,11:28,4:45 PM,2.98,151.00,0.35,,Unchecked,Unchecked
5408,5,44,1,5/19/2017,Parlor1,1,3,7,2,,5/19/2017 4:31 PM,03:05,4:35 PM,1.53,239.00,1.25,,Unchecked,Unchecked
4545,2,47,1,5/19/2017,Parlor1,1,3,7,1,,5/19/2017 4:31 PM,05:08,4:36 PM,2.72,167.00,1.13,,Unchecked,Unchecked
4065,4,60,1,5/19/2017,Parlor1,1,3,0,8,,5/19/2017 3:48 PM,01:37,3:50 PM,1.44,0.00,0.05,,Unchecked,Unchecked
4546,4,57,1,5/19/2017,Parlor1,1,3,0,7,,5/19/2017 3:48 PM,12:17,4:00 PM,9.58,0.00,0.80,,Unchecked,Unchecked
4550,4,56,1,5/19/2017,Parlor1,1,3,0,5,,5/19/2017 3:48 PM,06:11,3:54 PM,6.57,0.00,0.50,,Unchecked,Unchecked
4551,3,52,1,5/19/2017,Parlor1,1,3,0,1,,5/19/2017 3:57 PM,07:35,4:05 PM,9.56,0.00,2.18,,Unchecked,Unchecked
4581,4,57,1,5/19/2017,Parlor1,1,3,0,6,,5/19/2017 3:48 PM,14:23,4:02 PM,6.19,0.00,0.50,,Unchecked,Unchecked
4586,2,55,1,5/20/2017,Parlor1,1,1,1,8,,5/20/2017 8:45 AM,10:27,8:55 AM,17.08,238.00,0.00,,Unchecked,Unchecked
4535,3,52,1,5/20/2017,Parlor1,1,1,1,7,,5/20/2017 8:45 AM,10:47,8:55 AM,5.99,78.00,0.00,,Checked,Unchecked
5409,3,53,1,5/20/2017,Parlor1,1,1,1,6,,5/20/2017 8:44 AM,11:42,8:55 AM,11.39,100.00,0.00,,Unchecked,Unchecked
4551,3,52,1,5/20/2017,Parlor1,1,1,1,5,,5/20/2017 8:43 AM,11:58,8:55 AM,26.56,194.00,0.00,,Unchecked,Unchecked
4546,4,57,1,5/20/2017,Parlor1,1,1,2,3,,5/20/2017 8:24 AM,10:18,8:35 AM,12.50,93.00,2.15,,Unchecked,Unchecked
4581,4,57,1,5/20/2017,Parlor1,1,1,2,4,,5/20/2017 8:51 AM,04:42,8:56 AM,15.29,111.00,0.50,,Unchecked,Unchecked
4065,4,60,1,5/20/2017,Parlor1,1,1,2,2,,5/20/2017 8:23 AM,01:39,8:25 AM,0.41,13.00,0.45,,Checked,Unchecked
4550,4,56,1,5/20/2017,Parlor1,1,1,2,1,,5/20/2017 8:23 AM,12:42,8:36 AM,14.11,104.00,1.25,,Unchecked,Unchecked
4560,3,54,1,5/20/2017,Parlor1,1,1,3,8,,5/20/2017 9:03 AM,11:57,9:15 AM,14.03,95.00,1.83,,Unchecked,Unchecked
4525,3,52,1,5/20/2017,Parlor1,1,1,3,7,,5/20/2017 9:01 AM,14:12,9:15 AM,10.60,101.00,2.08,,Unchecked,Unchecked
4066,3,55,1,5/20/2017,Parlor1,1,1,3,6,,5/20/2017 9:01 AM,13:02,9:14 AM,11.62,89.00,1.58,,Unchecked,Unchecked
5403,3,53,1,5/20/2017,Parlor1,1,1,3,5,,5/20/2017 9:01 AM,06:31,9:07 AM,11.69,115.00,4.00,,Unchecked,Unchecked
4537,2,48,1,5/20/2017,Parlor1,1,1,4,8,,5/20/2017 9:23 AM,07:23,9:30 AM,7.91,127.00,4.30,,Unchecked,Unchecked
4536,2,51,1,5/20/2017,Parlor1,1,1,4,7,,5/20/2017 9:23 AM,09:43,9:33 AM,12.76,102.00,0.20,,Unchecked,Unchecked
4575,2,48,1,5/20/2017,Parlor1,1,1,4,6,,5/20/2017 9:22 AM,09:27,9:31 AM,10.69,126.00,1.88,,Unchecked,Unchecked
5402,2,51,1,5/20/2017,Parlor1,1,1,4,5,,5/20/2017 9:22 AM,03:11,9:25 AM,3.59,74.00,2.88,,Checked,Unchecked
4585,2,50,1,5/20/2017,Parlor1,1,1,5,3,,5/20/2017 9:28 AM,08:38,9:37 AM,12.76,113.00,5.38,,Unchecked,Unchecked
4545,2,47,1,5/20/2017,Parlor1,1,1,5,4,,5/20/2017 9:28 AM,10:00,9:38 AM,13.10,137.00,2.38,,Unchecked,Unchecked
4582,3,52,1,5/20/2017,Parlor1,1,1,5,2,,5/20/2017 9:27 AM,17:05,9:44 AM,14.90,121.00,0.03,,Unchecked,Unchecked
4528,2,45,1,5/20/2017,Parlor1,1,1,5,1,,5/20/2017 9:27 AM,02:36,9:29 AM,1.92,86.00,1.80,,Unchecked,Unchecked
4587,4,60,1,5/20/2017,Parlor1,1,1,6,7,,5/20/2017 9:47 AM,16:45,10:04 AM,10.71,98.00,1.18,,Unchecked,Unchecked
5408,5,44,1,5/20/2017,Parlor1,1,1,6,6,,5/20/2017 9:45 AM,09:08,9:54 AM,9.07,202.00,3.20,,Unchecked,Unchecked
4577,2,48,1,5/20/2017,Parlor1,1,1,6,5,,5/20/2017 10:07 AM,00:44,10:08 AM,4.99,86.00,1.18,,Unchecked,Unchecked
4548,4,57,1,5/20/2017,Parlor1,1,1,0,5,,5/20/2017 8:27 AM,06:11,8:33 AM,7.16,0.00,2.38,,Unchecked,Unchecked
4573,4,55,1,5/20/2017,Parlor1,1,1,0,7,,5/20/2017 8:28 AM,06:47,8:35 AM,2.24,0.00,0.65,,Unchecked,Unchecked
4583,4,58,1,5/20/2017,Parlor1,1,1,0,6,,5/20/2017 8:27 AM,14:35,8:42 AM,5.90,0.00,2.50,,Unchecked,Unchecked
5407,4,56,1,5/20/2017,Parlor1,1,1,0,8,,5/20/2017 8:28 AM,05:33,8:34 AM,7.31,0.00,1.13,,Unchecked,Unchecked
5407,4,56,1,5/20/2017,Parlor1,1,2,1,3,,5/20/2017 12:50 PM,07:16,12:58 PM,6.47,163.00,1.28,,Unchecked,Unchecked
4546,4,57,1,5/20/2017,Parlor1,1,2,1,4,,5/20/2017 12:51 PM,07:15,12:58 PM,6.04,159.00,1.40,,Unchecked,Unchecked
4065,4,60,1,5/20/2017,Parlor1,1,2,1,2,,5/20/2017 12:51 PM,05:46,12:57 PM,3.41,200.00,0.05,,Unchecked,Unchecked
4548,4,57,1,5/20/2017,Parlor1,1,2,1,1,,5/20/2017 12:50 PM,07:14,12:57 PM,6.75,173.00,1.78,,Unchecked,Unchecked
4573,4,55,1,5/20/2017,Parlor1,1,2,2,8,,5/20/2017 12:55 PM,04:14,12:59 PM,2.14,175.00,0.80,,Unchecked,Unchecked
4583,4,58,1,5/20/2017,Parlor1,1,2,2,7,,5/20/2017 12:54 PM,05:12,12:59 PM,4.64,144.00,2.40,,Unchecked,Unchecked
4581,4,57,1,5/20/2017,Parlor1,1,2,2,6,,5/20/2017 12:56 PM,10:12,1:06 PM,6.13,174.00,1.00,,Unchecked,Unchecked
4550,4,56,1,5/20/2017,Parlor1,1,2,2,5,,5/20/2017 12:54 PM,07:55,1:02 PM,6.25,162.00,1.05,,Unchecked,Unchecked
4535,3,52,1,5/20/2017,Parlor1,1,2,3,3,,5/20/2017 1:07 PM,03:51,1:11 PM,3.18,150.00,1.93,,Unchecked,Unchecked
5403,3,53,1,5/20/2017,Parlor1,1,2,3,4,,5/20/2017 1:07 PM,03:13,1:10 PM,4.25,162.00,3.43,,Unchecked,Unchecked
4551,3,52,1,5/20/2017,Parlor1,1,2,3,2,,5/20/2017 1:06 PM,04:16,1:11 PM,4.69,122.00,2.48,,Unchecked,Unchecked
5409,3,53,1,5/20/2017,Parlor1,1,2,3,1,,5/20/2017 1:07 PM,05:11,1:12 PM,4.04,127.00,0.03,,Unchecked,Unchecked
4525,3,52,1,5/20/2017,Parlor1,1,2,4,8,,5/20/2017 1:14 PM,06:46,1:21 PM,2.88,103.00,0.03,,Unchecked,Unchecked
4066,3,55,1,5/20/2017,Parlor1,1,2,4,7,,5/20/2017 1:14 PM,05:54,1:20 PM,4.04,117.00,1.03,,Unchecked,Unchecked
4560,3,54,1,5/20/2017,Parlor1,1,2,4,6,,5/20/2017 1:14 PM,07:18,1:21 PM,6.35,163.00,1.90,,Unchecked,Unchecked
5402,2,51,1,5/20/2017,Parlor1,1,2,4,5,,5/20/2017 1:13 PM,02:54,1:16 PM,2.62,225.00,2.33,,Unchecked,Unchecked
4545,2,47,1,5/20/2017,Parlor1,1,2,5,3,,5/20/2017 1:25 PM,29:18,1:54 PM,3.79,159.00,1.73,,Unchecked,Unchecked
4528,2,45,1,5/20/2017,Parlor1,1,2,5,4,,5/20/2017 1:27 PM,21:45,1:49 PM,1.81,200.00,1.38,,Unchecked,Unchecked
4536,2,51,1,5/20/2017,Parlor1,1,2,5,2,,5/20/2017 1:25 PM,25:27,1:50 PM,2.29,72.00,1.90,,Checked,Unchecked
4586,2,55,1,5/20/2017,Parlor1,1,2,5,1,,5/20/2017 1:25 PM,22:43,1:48 PM,0.50,23.00,1.73,,Checked,Unchecked
4575,2,48,1,5/20/2017,Parlor1,1,2,6,8,,5/20/2017 1:32 PM,04:13,1:36 PM,3.47,157.00,1.93,,Unchecked,Unchecked
4582,3,52,1,5/20/2017,Parlor1,1,2,6,7,,5/20/2017 1:31 PM,04:22,1:36 PM,4.25,135.00,2.08,,Unchecked,Unchecked
4585,2,50,1,5/20/2017,Parlor1,1,2,6,6,,5/20/2017 1:29 PM,02:29,1:31 PM,3.19,110.00,3.03,,Unchecked,Unchecked
4537,2,48,1,5/20/2017,Parlor1,1,2,6,5,,5/20/2017 1:29 PM,05:26,1:35 PM,3.72,229.00,2.98,,Unchecked,Unchecked
4065,4,60,1,5/20/2017,Parlor1,1,3,1,3,,5/20/2017 3:39 PM,04:18,3:43 PM,0.81,155.00,0.50,,Unchecked,Unchecked
5407,4,56,1,5/20/2017,Parlor1,1,3,1,4,,5/20/2017 3:38 PM,04:48,3:43 PM,3.40,134.00,1.20,,Unchecked,Unchecked
4546,4,57,1,5/20/2017,Parlor1,1,3,1,2,,5/20/2017 3:38 PM,04:56,3:43 PM,3.32,140.00,1.58,,Unchecked,Unchecked
4548,4,57,1,5/20/2017,Parlor1,1,3,1,1,,5/20/2017 3:38 PM,04:50,3:43 PM,3.40,137.00,1.45,,Unchecked,Unchecked
4587,4,60,1,5/20/2017,Parlor1,1,3,6,3,,5/20/2017 4:25 PM,07:34,4:33 PM,2.14,200.00,0.73,,Unchecked,Unchecked
4550,4,56,1,5/20/2017,Parlor1,1,3,2,7,,5/20/2017 3:41 PM,04:54,3:46 PM,2.91,124.00,0.90,,Unchecked,Unchecked
4573,4,55,1,5/20/2017,Parlor1,1,3,2,6,,5/20/2017 3:41 PM,01:39,3:43 PM,0.16,21.00,0.15,,Checked,Unchecked
4583,4,58,1,5/20/2017,Parlor1,1,3,2,5,,5/20/2017 3:41 PM,03:28,3:44 PM,2.24,112.00,1.55,,Unchecked,Unchecked
5403,3,53,1,5/20/2017,Parlor1,1,3,3,3,,5/20/2017 3:50 PM,02:45,3:52 PM,2.31,132.00,2.18,,Unchecked,Unchecked
4066,3,55,1,5/20/2017,Parlor1,1,3,3,4,,5/20/2017 3:50 PM,04:47,3:55 PM,2.49,116.00,0.98,,Unchecked,Unchecked
4551,3,52,1,5/20/2017,Parlor1,1,3,3,2,,5/20/2017 3:50 PM,02:34,3:53 PM,2.53,105.00,2.03,,Unchecked,Unchecked
4535,3,52,1,5/20/2017,Parlor1,1,3,3,1,,5/20/2017 3:50 PM,01:38,3:51 PM,0.19,14.00,0.25,,Checked,Unchecked
4536,2,51,1,5/20/2017,Parlor1,1,3,4,3,,5/20/2017 4:08 PM,05:55,4:14 PM,2.39,113.00,0.75,,Unchecked,Unchecked
4575,2,48,1,5/20/2017,Parlor1,1,3,4,4,,5/20/2017 4:08 PM,03:43,4:12 PM,1.97,142.00,1.18,,Unchecked,Unchecked
4545,2,47,1,5/20/2017,Parlor1,1,3,4,2,,5/20/2017 4:07 PM,03:18,4:11 PM,2.34,144.00,1.70,,Unchecked,Unchecked
4537,2,48,1,5/20/2017,Parlor1,1,3,4,1,,5/20/2017 4:08 PM,03:26,4:11 PM,1.80,174.00,1.38,,Unchecked,Unchecked
4586,2,55,1,5/20/2017,Parlor1,1,3,5,8,,5/20/2017 4:17 PM,04:54,4:22 PM,3.98,200.00,0.00,,Unchecked,Unchecked
4582,3,52,1,5/20/2017,Parlor1,1,3,5,7,,5/20/2017 4:16 PM,06:12,4:22 PM,5.66,200.00,0.00,,Unchecked,Unchecked
4585,2,50,1,5/20/2017,Parlor1,1,3,5,6,,5/20/2017 4:15 PM,06:24,4:22 PM,2.04,100.00,0.00,,Unchecked,Unchecked
4577,2,48,1,5/20/2017,Parlor1,1,3,5,5,,5/20/2017 4:15 PM,06:47,4:22 PM,0.51,22.00,0.00,,Checked,Unchecked
5408,5,44,1,5/20/2017,Parlor1,1,3,6,4,,5/20/2017 4:25 PM,03:00,4:28 PM,1.63,86.00,1.20,,Unchecked,Unchecked
4557,3,40,1,5/20/2017,Parlor1,1,3,6,2,,5/20/2017 4:24 PM,05:04,4:29 PM,3.58,100.00,0.65,,Unchecked,Unchecked
4528,2,45,1,5/20/2017,Parlor1,1,3,6,1,,5/20/2017 4:25 PM,01:39,4:26 PM,0.41,100.00,0.40,,Unchecked,Unchecked
4525,3,52,1,5/20/2017,Parlor1,1,3,0,8,,5/20/2017 4:02 PM,12:55,4:15 PM,5.36,0.00,0.03,,Unchecked,Unchecked
4560,3,54,1,5/20/2017,Parlor1,1,3,0,7,,5/20/2017 4:03 PM,13:00,4:16 PM,11.27,0.00,0.80,,Unchecked,Unchecked
5402,2,51,1,5/20/2017,Parlor1,1,3,0,5,,5/20/2017 4:01 PM,06:36,4:08 PM,2.44,0.00,1.73,,Unchecked,Unchecked
5409,3,53,1,5/20/2017,Parlor1,1,3,0,6,,5/20/2017 4:01 PM,09:04,4:10 PM,5.84,0.00,2.33,,Unchecked,Unchecked
796,,,,,,,,,,,,,,,,,,,
